No.,message_name,message_id_hex,message_id_dec,dlc,transmitter,cycle_time,signal_name,start_bit,length,byte_order,signed_unsigned,factor,offset,min_value,max_value,unit,initial_value,invalid_value,description,Loại lỗi,Điều kiện kích hoạt,Ý nghĩa kỹ thuật,Mức độ ảnh hưởng,Gợi ý chẩn đoán
1,FCAM_TSR_STATUS,0x080,128,8,FCAM_I,,FCAM_TSR_Warning_audible,16,1,Motorola,Unsigned,1,0,0,1,-,,,,Cảnh báo,Khi camera phía trước phát hiện biển báo và cần cảnh báo tài xế,Cảnh báo từ hệ thống nhận diện biển báo giao thông,Trung bình - Cảnh báo an toàn,"Kiểm tra camera FCAM_I, kiểm tra kết nối CAN"
2,FCAM_TSR_STATUS,0x080,128,8,FCAM_I,,FCAM_TSR_Typ2_Flashing_Warning,34,1,Motorola,Unsigned,1,0,0,1,-,,,,Cảnh báo,Khi phát hiện trạng thái cảnh báo,Cảnh báo: FCAM_TSR_Typ2_Flashing_Warning,Trung bình,"Kiểm tra hệ thống liên quan, xem lại mã lỗi"
3,FCAM_TSR_STATUS,0x080,128,8,FCAM_I,,FCAM_TSR_AudWarning_Feed,39,3,Motorola,Unsigned,1,0,0,1,-,,,,Cảnh báo,Khi phát hiện trạng thái cảnh báo,Cảnh báo: FCAM_TSR_AudWarning_Feed,Trung bình,"Kiểm tra hệ thống liên quan, xem lại mã lỗi"
4,FCAM_TSR_STATUS,0x080,128,8,FCAM_I,,FCAM_TSR_Typ1_Flashing_Warning,33,1,Motorola,Unsigned,1,0,0,1,-,,,,Cảnh báo,Khi phát hiện trạng thái cảnh báo,Cảnh báo: FCAM_TSR_Typ1_Flashing_Warning,Trung bình,"Kiểm tra hệ thống liên quan, xem lại mã lỗi"
5,BCMFL_DoorStatus,0x0AA,170,8,CVC_I,,DoorAjarStatusFL,19,2,Motorola,Unsigned,1,0,0,3,,,,,Trạng thái,Khi cửa không đóng kín hoặc không khóa hoàn toàn,Trạng thái cửa xe hở (không đóng kín),Trung bình - Cảnh báo người lái,"Kiểm tra cơ cấu cửa, rà cảm biến cửa"
6,BCMFL_DoorStatus,0x0AA,170,8,CVC_I,,BonnetAjarStatus,27,2,Motorola,Unsigned,1,0,0,3,,,,,Trạng thái,Khi ca pô không đóng kín,Trạng thái nắp ca pô hở,Trung bình,Kiểm tra cơ cấu ca pô
7,BCMFL_DoorStatus,0x0AA,170,8,CVC_I,,DoorAjarStatusRL,31,2,Motorola,Unsigned,1,0,0,3,,,,,Trạng thái,Khi cửa không đóng kín hoặc không khóa hoàn toàn,Trạng thái cửa xe hở (không đóng kín),Trung bình - Cảnh báo người lái,"Kiểm tra cơ cấu cửa, rà cảm biến cửa"
8,BCMFR_DoorStatus,0x0AB,171,8,CVC_I,,DoorAjarStatusFR,21,2,Motorola,Unsigned,1,0,0,3,,,,,Trạng thái,Khi cửa không đóng kín hoặc không khóa hoàn toàn,Trạng thái cửa xe hở (không đóng kín),Trung bình - Cảnh báo người lái,"Kiểm tra cơ cấu cửa, rà cảm biến cửa"
9,BCMFR_DoorStatus,0x0AB,171,8,CVC_I,,DoorAjarStatusRR,25,2,Motorola,Unsigned,1,0,0,3,,,,,Trạng thái,Khi cửa không đóng kín hoặc không khóa hoàn toàn,Trạng thái cửa xe hở (không đóng kín),Trung bình - Cảnh báo người lái,"Kiểm tra cơ cấu cửa, rà cảm biến cửa"
10,BCMRE_DoorStatus,0x0AC,172,8,CVC_I,,TailgateAjarStatus,17,2,Motorola,Unsigned,1,0,0,3,,,,,Trạng thái,Khi cốp sau không đóng kín,Trạng thái cốp sau hở,Trung bình,Kiểm tra cơ cấu cốp sau
11,FMCU_Status,0x0C9,201,8,CVC_I,,FMCU_StsMCUFault,51,4,Motorola,Unsigned,1,0,0,15,,,,,Lỗi,Khi vi điều khiển bị lỗi hoặc mất kết nối,Lỗi MCU (Microcontroller Unit) - lỗi vi điều khiển cục bộ,Rất cao - Hệ thống không hoạt động,"Kiểm tra vi điều khiển, bộ nhớ, kết nối điện"
12,CVC_LOGICAL_CLAMP,0x102,258,8,CVC_I,,Warning_Clamp_Incompatible,37,2,Motorola,Unsigned,1,0,0,3,,,,,Cảnh báo,Khi phát hiện sự không tương thích phần cứng,Cảnh báo sự không tương thích của kẹp/cổng kết nối,Trung bình,Kiểm tra kết nối phần cứng
13,BCM_FL_Measured_Data,0x104,260,12,CVC_I,,Resp_Error,35,1,Motorola,Unsigned,1,0,0,1,,,,,Lỗi,Khi không nhận được phản hồi từ module,Lỗi Response - lỗi phản hồi/truyền nhận dữ liệu,Cao - Giao tiếp CAN bị lỗi,"Kiểm tra kết nối CAN bus, kiểm tra module truyền nhận"
14,BCM_FL_Measured_Data,0x104,260,12,CVC_I,,EBS_error,37,1,Motorola,Unsigned,1,0,0,1,,,,,Lỗi,Khi hệ thống phanh điện tử bị lỗi hoặc mất tín hiệu,Lỗi EBS (Electronic Brake System) - lỗi hệ thống phanh điện tử,Rất cao - An toàn,"Kiểm tra hệ thống phanh, cảm biến áp suất phanh"
15,SS_DriveReq_0x108,0x108,264,8,CVC_I,,SS_Fault,35,4,Motorola,Unsigned,1,0,0,15,,,,,Lỗi,Khi cơ cấu sunshade bị lỗi hoặc motor bị hỏng,Lỗi hệ thống Sunshade (cửa sáng trời điều khiển),Thấp - Tiện nghi,"Kiểm tra motor sunshade, rà công tắc, kiểm tra relay"
16,TRM_LIGHT,0x10B,267,8,CVC_I,,TrailerSystemError,15,2,Motorola,Unsigned,1,0,0,3,,,,,Lỗi,Khi phát hiện sự cố kết nối hoặc điều khiển trailer,Lỗi hệ thống rơ-moóc/trailer,Cao - An toàn tàu,"Kiểm tra kết nối trailer, kiểm tra các cảm biến"
17,BCM_LVBAT_Data,0x114,276,8,CVC_I,,LV_ErrorSts,14,3,Motorola,Unsigned,1,0,0,7,,,,,Lỗi,Khi điện áp pin 12V giảm dưới ngưỡng cho phép,Lỗi Low Voltage - lỗi điện áp thấp (pin 12V),Cao - Ảnh hưởng nhiều hệ thống,"Kiểm tra pin 12V, kiểm tra máy phát điện, kết nối đất"
18,BCM_LVBAT_Data,0x114,276,8,CVC_I,,LV_CellBalance_Error,60,1,Motorola,Unsigned,1,0,0,1,,,,,Lỗi,Khi có sự chênh lệch điện áp lớn giữa các cell pin,Lỗi cân bằng cell trong pin - mất cân bằng năng lượng giữa các cell,Cao - Pin có thể hư hỏng,"Kiểm tra BMS (Battery Management System), kiểm tra các cell pin"
19,FCAM_LDW_LKA_ELK,0x127,295,8,FCAM_I,,FCAM_ELK_Warning,55,4,Motorola,Unsigned,1,0,0,15,,,,,Cảnh báo,Khi phát hiện tình huống khẩn cấp cần giữ làn,Emergency Lane Keeping - cảnh báo hệ thống giữ làn khẩn cấp,Rất cao - An toàn tài xế,Kiểm tra toàn bộ hệ thống camera và cảm biến
20,FCAM_LDW_LKA_ELK,0x127,295,8,FCAM_I,,FCAM_LDW_Warning,41,2,Motorola,Unsigned,1,0,0,3,,,,,Cảnh báo,Khi xe định rời khỏi làn đường mà không bật xi nhan,Cảnh báo Lane Departure Warning - cảnh báo xe sắp rời khỏi làn đường,Cao - An toàn tài xế,"Kiểm tra camera front, cảm biến vị trí xe"
21,FCAM_LDW_LKA_ELK,0x127,295,8,FCAM_I,,FCAM_handsoff_Warning_Mode_2,63,3,Motorola,Unsigned,1,0,0,7,-,,,,Cảnh báo,Khi phát hiện trạng thái cảnh báo,Cảnh báo: FCAM_handsoff_Warning_Mode_2,Trung bình,"Kiểm tra hệ thống liên quan, xem lại mã lỗi"
22,FCAM_LDW_LKA_ELK,0x127,295,8,FCAM_I,,FCAM_LKA_Warning,36,2,Motorola,Unsigned,1,0,0,3,,,,,Cảnh báo,Khi hệ thống giữ làn đường không hoạt động hoặc bị lỗi,Lane Keeping Assist Warning - cảnh báo hệ thống giữ làn đường,Cao - An toàn,"Kiểm tra camera, cảm biến vị trí, hệ thống lái"
23,WCBS_ESC_Status,0x132,306,8,CVC_I,,ESC_HSA_Status_Fault,41,1,Motorola,Unsigned,1,0,0,1,,,,,Lỗi,Khi hệ thống ổn định hoặc hỗ trợ khởi động trên dốc bị lỗi,Lỗi ESC (Electronic Stability Control) và HSA (Hill Start Assist),Rất cao - An toàn,"Kiểm tra cảm biến gia tốc, cảm biến quay bánh, hệ thống phanh ABS"
24,EPS_SAS_Sensor,0x17E,382,8,CVC_I,,SAS_SASFailure,33,2,Motorola,Unsigned,1,0,0,1,,,,,Hỏng,Khi cảm biến góc lái không hoạt động hoặc bị mất hiệu hiệu chuẩn,Lỗi SAS (Steering Angle Sensor) - cảm biến góc lái bị hỏng,Cao - Các hệ thống lái tự động không hoạt động,"Kiểm tra cảm biến góc lái, hiệu chuẩn lái, kết nối CAN"
31,MHU_ADSA02,0x1F2,498,8,MHU,,Nav_errorSts,23,1,Motorola,Unsigned,1,0,0,1,,,,,Lỗi,Khi hệ thống GPS hoặc dẫn đường bị lỗi,Lỗi hệ thống Навigation (dẫn đường),Thấp - Tiện nghi,"Kiểm tra module GPS, kết nối ăng ten, phần mềm"
34,CVC_ACU_Info1,0x1FB,507,8,CVC_I,,CVC_SeatBelt_2nd_Warning_TIMER,47,7,Motorola,Unsigned,1,0,0,127,,,,,Cảnh báo,Khi phát hiện trạng thái cảnh báo,Cảnh báo: CVC_SeatBelt_2nd_Warning_TIMER,Trung bình,"Kiểm tra hệ thống liên quan, xem lại mã lỗi"
35,FCAM_Display_Info,0x203,515,16,FCAM_I,,FCAM_SCAM_Fault,101,2,Motorola,Unsigned,1,0,0,3,,,,,Lỗi,Khi phát hiện sự cố,Lỗi: FCAM_SCAM_Fault,Cao,"Kiểm tra module liên quan, kết nối CAN"
36,FCAM_Display_Info,0x203,515,16,FCAM_I,,FCAM_MRR_Fault,99,2,Motorola,Unsigned,1,0,0,3,,,,,Lỗi,Khi phát hiện sự cố,Lỗi: FCAM_MRR_Fault,Cao,"Kiểm tra module liên quan, kết nối CAN"
37,BCM_SunroofSts,0x207,519,8,CVC_I,,SR_Undervoltage_Fault_Sts,0,1,Motorola,Unsigned,1,0,0,1,,,,,Lỗi,Khi phát hiện sự cố,Lỗi: SR_Undervoltage_Fault_Sts,Cao,"Kiểm tra module liên quan, kết nối CAN"
38,BCM_SunroofSts,0x207,519,8,CVC_I,,SR_Overvoltage_Fault_Sts,1,1,Motorola,Unsigned,1,0,0,1,,,,,Lỗi,Khi phát hiện sự cố,Lỗi: SR_Overvoltage_Fault_Sts,Cao,"Kiểm tra module liên quan, kết nối CAN"
39,BCM_SunroofSts,0x207,519,8,CVC_I,,SR_MotorReverse_Fault_Sts,8,1,Motorola,Unsigned,1,0,0,1,,,,,Lỗi,Khi phát hiện sự cố,Lỗi: SR_MotorReverse_Fault_Sts,Cao,"Kiểm tra module liên quan, kết nối CAN"
40,BCM_SunroofSts,0x207,519,8,CVC_I,,SR_Hall_Fault_Sts,9,1,Motorola,Unsigned,1,0,0,1,,,,,Lỗi,Khi phát hiện sự cố,Lỗi: SR_Hall_Fault_Sts,Cao,"Kiểm tra module liên quan, kết nối CAN"
41,BCM_SunroofSts,0x207,519,8,CVC_I,,SR_Relay_Fault,11,1,Motorola,Unsigned,1,0,0,1,,,,,Lỗi,Khi phát hiện sự cố,Lỗi: SR_Relay_Fault,Cao,"Kiểm tra module liên quan, kết nối CAN"
42,BCM_SunroofSts,0x207,519,8,CVC_I,,SR_Commu_Fault_Sts,12,1,Motorola,Unsigned,1,0,0,1,,,,,Lỗi,Khi phát hiện sự cố,Lỗi: SR_Commu_Fault_Sts,Cao,"Kiểm tra module liên quan, kết nối CAN"
43,BCM_SunroofSts,0x207,519,8,CVC_I,,SR_ThermalProtection_Fault_Sts,16,1,Motorola,Unsigned,1,0,0,1,-,,,,Lỗi,Khi phát hiện sự cố,Lỗi: SR_ThermalProtection_Fault_Sts,Cao,"Kiểm tra module liên quan, kết nối CAN"
44,BCM_SunroofSts,0x207,519,8,CVC_I,,SR_Error_RSP,28,1,Motorola,Unsigned,1,0,0,1,,,,,Lỗi,Khi phát hiện lỗi giao tiếp hoặc hoạt động,Lỗi: SR_Error_RSP,Cao,"Kiểm tra kết nối, module, phần mềm"
45,BCM_SunshadeSts,0x208,520,8,CVC_I,,SS_MotorReverse_Fault_Status,0,1,Motorola,Unsigned,1,0,0,1,,,,,Lỗi,Khi phát hiện sự cố,Lỗi: SS_MotorReverse_Fault_Status,Cao,"Kiểm tra module liên quan, kết nối CAN"
46,BCM_SunshadeSts,0x208,520,8,CVC_I,,SS_Undervoltage_Fault_Status,7,1,Motorola,Unsigned,1,0,0,1,,,,,Lỗi,Khi phát hiện sự cố,Lỗi: SS_Undervoltage_Fault_Status,Cao,"Kiểm tra module liên quan, kết nối CAN"
47,BCM_SunshadeSts,0x208,520,8,CVC_I,,SS_Overvoltage_Fault_Status,10,1,Motorola,Unsigned,1,0,0,1,,,,,Lỗi,Khi phát hiện sự cố,Lỗi: SS_Overvoltage_Fault_Status,Cao,"Kiểm tra module liên quan, kết nối CAN"
48,BCM_SunshadeSts,0x208,520,8,CVC_I,,SS_Relay_Fault,11,1,Motorola,Unsigned,1,0,0,1,,,,,Lỗi,Khi phát hiện sự cố,Lỗi: SS_Relay_Fault,Cao,"Kiểm tra module liên quan, kết nối CAN"
49,BCM_SunshadeSts,0x208,520,8,CVC_I,,SS_Hall_Fault_Status,13,1,Motorola,Unsigned,1,0,0,1,,,,,Lỗi,Khi phát hiện sự cố,Lỗi: SS_Hall_Fault_Status,Cao,"Kiểm tra module liên quan, kết nối CAN"
50,BCM_SunshadeSts,0x208,520,8,CVC_I,,SS_Commu_Fault_Status,14,1,Motorola,Unsigned,1,0,0,1,,,,,Lỗi,Khi phát hiện sự cố,Lỗi: SS_Commu_Fault_Status,Cao,"Kiểm tra module liên quan, kết nối CAN"
51,BCM_SunshadeSts,0x208,520,8,CVC_I,,SS_Error_RSP,63,1,Motorola,Unsigned,1,0,0,1,,,,,Lỗi,Khi phát hiện lỗi giao tiếp hoặc hoạt động,Lỗi: SS_Error_RSP,Cao,"Kiểm tra kết nối, module, phần mềm"
52,BCM_FKS_STATUS,0x20B,523,2,CVC_I,,FKS_RespError,0,1,Motorola,Unsigned,1,0,0,1,-,,,,Lỗi,Khi hệ thống chìa khóa thông minh không phản hồi,Lỗi Response từ FKS (Keyless Entry System),Trung bình,"Kiểm tra module khóa, kết nối, pin chìa khóa"
53,BCM_FKS_STATUS,0x20B,523,2,CVC_I,,FKS_HWError,3,1,Motorola,Unsigned,1,0,0,1,-,,,,Lỗi,Khi phần cứng chìa khóa thông minh bị lỗi,Lỗi phần cứng FKS (Keyless Entry System),Trung bình,"Kiểm tra phần cứng module, vi mạch"
54,BCM_FKS_STATUS,0x20B,523,2,CVC_I,,FKS_AntennaError,5,2,Motorola,Unsigned,1,0,0,3,-,,,,Lỗi,Khi ăng ten nhận không tín hiệu từ chìa khóa,Lỗi ăng ten FKS - ăng ten nhận tín hiệu chìa khóa bị lỗi,Trung bình,"Kiểm tra ăng ten, kết nối, mối nối"
55,WCBS_STATUS,0x20D,525,8,CVC_I,,ABSFailed,14,1,Motorola,Unsigned,1,0,0,1,,,,,Lỗi,Khi hệ thống ABS bị lỗi hoặc cảm biến bánh xe bị sai lệch,Lỗi ABS (Anti-Lock Braking System) - hệ thống phanh chống khóa,Rất cao - An toàn,"Kiểm tra cảm biến tốc độ bánh xe, ECU phanh, đường ống phanh"
59,WCBS_STATUS,0x20D,525,8,CVC_I,,ABS_EBDFailed,55,1,Motorola,Unsigned,1,0,0,1,,,,,Lỗi,Khi hệ thống phân phối phanh bị lỗi,Lỗi EBD (Electronic Brake Distribution) - phân phối phanh điện tử,Rất cao - An toàn,"Kiểm tra hệ thống phanh, van phân phối, cảm biến"
65,FCAM_AEB_FCW,0x21C,540,12,FCAM_I,,FCAM_AEB_Warning,13,2,Motorola,Unsigned,1,0,0,3,,,,,Cảnh báo,Khi phát hiện trạng thái cảnh báo,Cảnh báo: FCAM_AEB_Warning,Trung bình,"Kiểm tra hệ thống liên quan, xem lại mã lỗi"
73,FCAM_AEB_FCW,0x21C,540,12,FCAM_I,,FCAM_FCW_warning,43,2,Motorola,Unsigned,1,0,0,3,-,,,,Cảnh báo,Khi phát hiện trạng thái cảnh báo,Cảnh báo: FCAM_FCW_warning,Trung bình,"Kiểm tra hệ thống liên quan, xem lại mã lỗi"
86,WCBS_VAFS,0x230,560,12,CVC_I,,WCBS_EPB_Fault,26,1,Motorola,Unsigned,1,0,0,1,,,,,Lỗi,Khi phanh đỗ xe không hoạt động bình thường,Lỗi Electronic Parking Brake - hệ thống phanh đỗ xe điện tử,Cao - An toàn,"Kiểm tra motor phanh đỗ, cảm biến, mạch điều khiển EPB"
87,WCBS_VAFS,0x230,560,12,CVC_I,,WCBS_ROMFailure,17,1,Motorola,Unsigned,1,0,0,1,,,,,Hỏng,Khi phần mềm/dữ liệu lưu trữ bị hỏng,Lỗi ROM (Read-Only Memory) trong WCBS,Rất cao,"Kiểm tra ECU WCBS, có thể cần lập trình lại"
88,WCBS_VAFS,0x230,560,12,CVC_I,,WCBS_TSMFailure,53,1,Motorola,Unsigned,1,0,0,1,,,,,Hỏng,Khi hệ thống kiểm soát lực kéo/ổn định bị lỗi,Lỗi Traction/Stability Management trong WCBS,Rất cao - An toàn,"Kiểm tra ECU phanh, cảm biến, kết nối CAN"
89,WCBS_VAFS,0x230,560,12,CVC_I,,WCBS_DTCFailure,41,1,Motorola,Unsigned,1,0,0,1,,,,,Hỏng,Khi bộ lưu trữ mã lỗi bị hỏng,Lỗi DTC (Diagnostic Trouble Code) trong WCBS,Trung bình,"Kiểm tra bộ nhớ ECU WCBS, có thể cần thay thế"
90,DoorFLStatus,0x231,561,8,CVC_I,,BDLFLResponseError,32,1,Motorola,Unsigned,1,0,0,1,,,,,Lỗi,Khi phát hiện lỗi giao tiếp hoặc hoạt động,Lỗi: BDLFLResponseError,Cao,"Kiểm tra kết nối, module, phần mềm"
91,DoorFLStatus,0x231,561,8,CVC_I,,NDoorFLOutsideHandleFailure,26,3,Motorola,Unsigned,1,0,0,7,,,,,Lỗi,Khi phát hiện sự cố,Lỗi: NDoorFLOutsideHandleFailure,Cao,"Kiểm tra module liên quan, kết nối CAN"
92,DoorFLStatus,0x231,561,8,CVC_I,,NDoorLatchFLFailure,55,6,Motorola,Unsigned,1,0,0,63,,,,,Lỗi,Khi phát hiện sự cố,Lỗi: NDoorLatchFLFailure,Cao,"Kiểm tra module liên quan, kết nối CAN"
93,DoorFLStatus,0x231,561,8,CVC_I,,DOW_DoorAjarStatusFL,15,2,Motorola,Unsigned,1,0,0,3,,,,,Trạng thái,Khi cửa không đóng kín hoặc không khóa hoàn toàn,Trạng thái cửa xe hở (không đóng kín),Trung bình - Cảnh báo người lái,"Kiểm tra cơ cấu cửa, rà cảm biến cửa"
94,DoorFLStatus,0x231,561,8,CVC_I,,DOW_DoorAjarStatusRL,13,2,Motorola,Unsigned,1,0,0,3,,,,,Trạng thái,Khi cửa không đóng kín hoặc không khóa hoàn toàn,Trạng thái cửa xe hở (không đóng kín),Trung bình - Cảnh báo người lái,"Kiểm tra cơ cấu cửa, rà cảm biến cửa"
95,DoorFLStatus,0x231,561,8,CVC_I,,CVC_ADAS_BonnetAjarStatus,28,2,Motorola,Unsigned,1,0,0,3,,,,,Trạng thái,Khi ca pô không đóng kín,Trạng thái nắp ca pô hở,Trung bình,Kiểm tra cơ cấu ca pô
96,DoorFLStatus,0x231,561,8,CVC_I,,CVC_ADAS_TailgateAjarStatus,30,2,Motorola,Unsigned,1,0,0,3,,,,,Trạng thái,Khi cốp sau không đóng kín,Trạng thái cốp sau hở,Trung bình,Kiểm tra cơ cấu cốp sau
97,DoorFRStatus,0x248,584,8,CVC_I,,BDLFRResponseError,32,1,Motorola,Unsigned,1,0,0,1,,,,,Lỗi,Khi phát hiện lỗi giao tiếp hoặc hoạt động,Lỗi: BDLFRResponseError,Cao,"Kiểm tra kết nối, module, phần mềm"
98,DoorFRStatus,0x248,584,8,CVC_I,,NDoorFROutsideHandleFailure,26,3,Motorola,Unsigned,1,0,0,7,,,,,Lỗi,Khi phát hiện sự cố,Lỗi: NDoorFROutsideHandleFailure,Cao,"Kiểm tra module liên quan, kết nối CAN"
99,DoorFRStatus,0x248,584,8,CVC_I,,NDoorLatchFRFailure,55,6,Motorola,Unsigned,1,0,0,63,,,,,Lỗi,Khi phát hiện sự cố,Lỗi: NDoorLatchFRFailure,Cao,"Kiểm tra module liên quan, kết nối CAN"
100,DoorFRStatus,0x248,584,8,CVC_I,,DOW_DoorAjarStatusFR,15,2,Motorola,Unsigned,1,0,0,3,,,,,Trạng thái,Khi cửa không đóng kín hoặc không khóa hoàn toàn,Trạng thái cửa xe hở (không đóng kín),Trung bình - Cảnh báo người lái,"Kiểm tra cơ cấu cửa, rà cảm biến cửa"
101,DoorFRStatus,0x248,584,8,CVC_I,,DOW_DoorAjarStatusRR,13,2,Motorola,Unsigned,1,0,0,3,,,,,Trạng thái,Khi cửa không đóng kín hoặc không khóa hoàn toàn,Trạng thái cửa xe hở (không đóng kín),Trung bình - Cảnh báo người lái,"Kiểm tra cơ cấu cửa, rà cảm biến cửa"
102,WCBS_Info,0x270,624,12,CVC_I,,WCBS_Fault_Status,14,3,Motorola,Unsigned,1,0,0,7,,,,,Lỗi,Khi phát hiện sự cố,Lỗi: WCBS_Fault_Status,Cao,"Kiểm tra module liên quan, kết nối CAN"
103,WCBS_Info,0x270,624,12,CVC_I,,WCBS_IBS_Sys_Fault_Sts,15,1,Motorola,Unsigned,1,0,0,1,,,,,Lỗi,Khi phát hiện sự cố,Lỗi: WCBS_IBS_Sys_Fault_Sts,Cao,"Kiểm tra module liên quan, kết nối CAN"
104,APM_WINDOW_POS_FL,0x28C,652,8,CVC_I,,Window_Warning,17,2,Motorola,Unsigned,1,0,0,3,,,,,Cảnh báo,Khi cửa sổ không đóng/mở bình thường,Cảnh báo cửa sổ - motor cửa sổ bị lỗi hoặc không đáp ứng,Thấp - Tiện nghi,"Kiểm tra motor cửa, cảm biến vị trí, relay nâng hạ"
105,APM_WINDOW_POS_FR,0x28D,653,8,CVC_I,,Window_Warning,17,2,Motorola,Unsigned,1,0,0,3,,,,,Cảnh báo,Khi cửa sổ không đóng/mở bình thường,Cảnh báo cửa sổ - motor cửa sổ bị lỗi hoặc không đáp ứng,Thấp - Tiện nghi,"Kiểm tra motor cửa, cảm biến vị trí, relay nâng hạ"
106,APM_WINDOW_POS_RE,0x28E,654,8,CVC_I,,Window_Warning,17,2,Motorola,Unsigned,1,0,0,3,,,,,Cảnh báo,Khi cửa sổ không đóng/mở bình thường,Cảnh báo cửa sổ - motor cửa sổ bị lỗi hoặc không đáp ứng,Thấp - Tiện nghi,"Kiểm tra motor cửa, cảm biến vị trí, relay nâng hạ"
107,SeatMassage_Output,0x2A2,674,8,CVC_I,,LSSM_APumpFail,35,2,Motorola,Unsigned,1,0,0,3,,,,,Lỗi,Khi phát hiện sự cố,Lỗi: LSSM_APumpFail,Cao,"Kiểm tra module liên quan, kết nối CAN"
108,SeatMassage_Output,0x2A2,674,8,CVC_I,,LSSM_BPumpFail,43,2,Motorola,Unsigned,1,0,0,3,,,,,Lỗi,Khi phát hiện sự cố,Lỗi: LSSM_BPumpFail,Cao,"Kiểm tra module liên quan, kết nối CAN"
109,SeatMassage_Output,0x2A2,674,8,CVC_I,,LSSM_CPumpFail,51,2,Motorola,Unsigned,1,0,0,3,-,,,,Lỗi,Khi phát hiện sự cố,Lỗi: LSSM_CPumpFail,Cao,"Kiểm tra module liên quan, kết nối CAN"
110,SeatMassage_Output,0x2A2,674,8,CVC_I,,LSSM_DPumpFail,59,2,Motorola,Unsigned,1,0,0,3,-,,,,Lỗi,Khi phát hiện sự cố,Lỗi: LSSM_DPumpFail,Cao,"Kiểm tra module liên quan, kết nối CAN"
111,CPD_OUTPUT,0x307,775,8,CVC_I,,CPD_Init_Warning_Delay,30,4,Motorola,Unsigned,1,0,0,15,-,,,,Cảnh báo,Khi phát hiện trạng thái cảnh báo,Cảnh báo: CPD_Init_Warning_Delay,Trung bình,"Kiểm tra hệ thống liên quan, xem lại mã lỗi"
115,MHU_RAEB,0x314,788,8,MHU,,MHU_RAEB_Warning,29,2,Motorola,Unsigned,1,0,0,3,,,,,Cảnh báo,Khi phát hiện trạng thái cảnh báo,Cảnh báo: MHU_RAEB_Warning,Trung bình,"Kiểm tra hệ thống liên quan, xem lại mã lỗi"
126,SRR_RR_CalSensor_Status,0x33A,826,8,SRR_RR,,SRR_RR_Warning_Flag_21,30,1,Motorola,Unsigned,1,0,0,1,,,,,Cảnh báo,Khi phát hiện trạng thái cảnh báo,Cảnh báo: SRR_RR_Warning_Flag_21,Trung bình,"Kiểm tra hệ thống liên quan, xem lại mã lỗi"
127,SRR_RR_CalSensor_Status,0x33A,826,8,SRR_RR,,SRR_RR_Warning_Flag_22,29,1,Motorola,Unsigned,1,0,0,1,,,,,Cảnh báo,Khi phát hiện trạng thái cảnh báo,Cảnh báo: SRR_RR_Warning_Flag_22,Trung bình,"Kiểm tra hệ thống liên quan, xem lại mã lỗi"
128,SRR_RR_CalSensor_Status,0x33A,826,8,SRR_RR,,SRR_RR_Warning_Flag_23,28,1,Motorola,Unsigned,1,0,0,1,,,,,Cảnh báo,Khi phát hiện trạng thái cảnh báo,Cảnh báo: SRR_RR_Warning_Flag_23,Trung bình,"Kiểm tra hệ thống liên quan, xem lại mã lỗi"
129,SRR_RR_CalSensor_Status,0x33A,826,8,SRR_RR,,SRR_RR_Warning_Flag_24,27,1,Motorola,Unsigned,1,0,0,1,,,,,Cảnh báo,Khi phát hiện trạng thái cảnh báo,Cảnh báo: SRR_RR_Warning_Flag_24,Trung bình,"Kiểm tra hệ thống liên quan, xem lại mã lỗi"
132,MHU_FCAM_req,0x354,852,12,MHU,,MHU_LA_AudWarning,15,2,Motorola,Unsigned,1,0,0,3,-,,,,Cảnh báo,Khi phát hiện trạng thái cảnh báo,Cảnh báo: MHU_LA_AudWarning,Trung bình,"Kiểm tra hệ thống liên quan, xem lại mã lỗi"
133,MHU_FCAM_req,0x354,852,12,MHU,,MHU_BSD_AudWarning,21,2,Motorola,Unsigned,1,0,0,3,-,,,,Cảnh báo,Khi phát hiện trạng thái cảnh báo,Cảnh báo: MHU_BSD_AudWarning,Trung bình,"Kiểm tra hệ thống liên quan, xem lại mã lỗi"
140,WCBS_RecuBrkTrqReq,0x362,866,16,CVC_I,,WCBS_RegenMonFail,13,1,Motorola,Unsigned,1,0,0,1,,,,,Lỗi,Khi hệ thống phanh tái tạo năng lượng bị lỗi,Lỗi Regenerative Braking Monitoring - kiểm soát phanh năng lượng,Cao - Ảnh hưởng tiết kiệm năng lượng,"Kiểm tra hệ thống pin, điều khiển sạc, cảm biến"
141,CVC_WMCID_Sts,0x373,883,8,CVC_I,,CVC_WMCID_IVITheftWarning,0,1,Motorola,Unsigned,1,0,0,1,,,,,Cảnh báo,Khi phát hiện trạng thái cảnh báo,Cảnh báo: CVC_WMCID_IVITheftWarning,Trung bình,"Kiểm tra hệ thống liên quan, xem lại mã lỗi"
142,CVC_WMCID_Sts,0x373,883,8,CVC_I,,CVC_WMCID_CAppTheftWarning,1,1,Motorola,Unsigned,1,0,0,1,,,,,Cảnh báo,Khi phát hiện trạng thái cảnh báo,Cảnh báo: CVC_WMCID_CAppTheftWarning,Trung bình,"Kiểm tra hệ thống liên quan, xem lại mã lỗi"
143,EVCC_Charging_Sts,0x37C,892,8,CVC_I,,EVCC_VehChgCompError_Sts,34,3,Motorola,Unsigned,1,0,0,7,,,,,Lỗi,Khi phát hiện lỗi giao tiếp hoặc hoạt động,Lỗi: EVCC_VehChgCompError_Sts,Cao,"Kiểm tra kết nối, module, phần mềm"
146,MFS_Control_Button,0x3F7,1015,12,CVC_I,,MFS_L_Failure,17,3,Motorola,Unsigned,1,0,0,7,Bit,,,,Lỗi,Khi phát hiện sự cố,Lỗi: MFS_L_Failure,Cao,"Kiểm tra module liên quan, kết nối CAN"
147,MFS_Control_Button,0x3F7,1015,12,CVC_I,,MFS_LIN_error,51,3,Motorola,Unsigned,1,0,0,7,Bit,,,,Lỗi,Khi phát hiện lỗi giao tiếp hoặc hoạt động,Lỗi: MFS_LIN_error,Cao,"Kiểm tra kết nối, module, phần mềm"
148,MFS_Control_Button,0x3F7,1015,12,CVC_I,,MFS_R_Failure,48,3,Motorola,Unsigned,1,0,0,7,Bit,,,,Lỗi,Khi phát hiện sự cố,Lỗi: MFS_R_Failure,Cao,"Kiểm tra module liên quan, kết nối CAN"
149,XGW_FOTA_StsConfirm,0x3FC,1020,4,CVC_I,,XGW_FOTA_Error_Code,23,8,Motorola,Unsigned,1,0,0,255,-,,,,Lỗi,Khi phát hiện lỗi giao tiếp hoặc hoạt động,Lỗi: XGW_FOTA_Error_Code,Cao,"Kiểm tra kết nối, module, phần mềm"
150,BCM_Comfort_Confirm_FL_sts,0x41D,1053,8,CVC_I,,BCM_FL_STAT_MirrorDefaultSTATtin,13,2,Motorola,Unsigned,1,0,0,3,-,,,,Lỗi,Khi phát hiện sự cố,Lỗi: BCM_FL_STAT_MirrorDefaultSTATtin,Cao,"Kiểm tra module liên quan, kết nối CAN"
151,BCM_Comfort_Confirm_FR_sts,0x421,1057,8,CVC_I,,BCM_FR_STAT_MirrorDefaultSTATtin,13,2,Motorola,Unsigned,1,0,0,3,-,,,,Lỗi,Khi phát hiện sự cố,Lỗi: BCM_FR_STAT_MirrorDefaultSTATtin,Cao,"Kiểm tra module liên quan, kết nối CAN"
152,MHU_FOTA_STATUS,0x432,1074,8,CVC_I,,MHU_FOTA_Error_Code,23,8,Motorola,Unsigned,1,0,0,255,-,,,,Lỗi,Khi phát hiện lỗi giao tiếp hoặc hoạt động,Lỗi: MHU_FOTA_Error_Code,Cao,"Kiểm tra kết nối, module, phần mềm"
153,WLC_Status,0x442,1090,2,CVC_I,,WLC_IC_Error,0,1,Motorola,Unsigned,1,0,0,1,,,,,Lỗi,Khi phát hiện lỗi giao tiếp hoặc hoạt động,Lỗi: WLC_IC_Error,Cao,"Kiểm tra kết nối, module, phần mềm"
154,WLC_Status,0x442,1090,2,CVC_I,,WLC_FAN_Error,1,1,Motorola,Unsigned,1,0,0,1,-,,,,Lỗi,Khi phát hiện lỗi giao tiếp hoặc hoạt động,Lỗi: WLC_FAN_Error,Cao,"Kiểm tra kết nối, module, phần mềm"
155,WLC_Status,0x442,1090,2,CVC_I,,WLC_TempSNSR_Error,2,1,Motorola,Unsigned,1,0,0,1,-,,,,Lỗi,Khi phát hiện lỗi giao tiếp hoặc hoạt động,Lỗi: WLC_TempSNSR_Error,Cao,"Kiểm tra kết nối, module, phần mềm"
156,WLC_Status,0x442,1090,2,CVC_I,,WLC_VehSpeed_Error,11,1,Motorola,Unsigned,1,0,0,1,,,,,Lỗi,Khi phát hiện lỗi giao tiếp hoặc hoạt động,Lỗi: WLC_VehSpeed_Error,Cao,"Kiểm tra kết nối, module, phần mềm"
157,WLC_Status,0x442,1090,2,CVC_I,,WLC_Resp_Error,12,1,Motorola,Unsigned,1,0,0,1,,,,,Lỗi,Khi không nhận được phản hồi từ module,Lỗi Response - lỗi phản hồi/truyền nhận dữ liệu,Cao - Giao tiếp CAN bị lỗi,"Kiểm tra kết nối CAN bus, kiểm tra module truyền nhận"
158,WLC_Status,0x442,1090,2,CVC_I,,WLC_FOD_Error,13,1,Motorola,Unsigned,1,0,0,1,-,,,,Lỗi,Khi phát hiện lỗi giao tiếp hoặc hoạt động,Lỗi: WLC_FOD_Error,Cao,"Kiểm tra kết nối, module, phần mềm"
159,WLC_Status,0x442,1090,2,CVC_I,,WLC_Curr_Error,14,1,Motorola,Unsigned,1,0,0,1,-,,,,Lỗi,Khi phát hiện lỗi giao tiếp hoặc hoạt động,Lỗi: WLC_Curr_Error,Cao,"Kiểm tra kết nối, module, phần mềm"
160,WLC_Status,0x442,1090,2,CVC_I,,WLC_Temp_Error,15,1,Motorola,Unsigned,1,0,0,1,,,,,Lỗi,Khi phát hiện lỗi giao tiếp hoặc hoạt động,Lỗi: WLC_Temp_Error,Cao,"Kiểm tra kết nối, module, phần mềm"
161,MHU_SVM_DMS_STS,0x45C,1116,8,MHU,,MHU_SVM_FCamera_Fault,13,2,Motorola,Unsigned,1,0,0,3,,,,,Lỗi,Khi phát hiện sự cố,Lỗi: MHU_SVM_FCamera_Fault,Cao,"Kiểm tra module liên quan, kết nối CAN"
162,MHU_SVM_DMS_STS,0x45C,1116,8,MHU,,MHU_SVM_LCamera_Fault,15,2,Motorola,Unsigned,1,0,0,3,,,,,Lỗi,Khi phát hiện sự cố,Lỗi: MHU_SVM_LCamera_Fault,Cao,"Kiểm tra module liên quan, kết nối CAN"
163,MHU_SVM_DMS_STS,0x45C,1116,8,MHU,,MHU_SVM_RCamera_Fault,17,2,Motorola,Unsigned,1,0,0,3,,,,,Lỗi,Khi phát hiện sự cố,Lỗi: MHU_SVM_RCamera_Fault,Cao,"Kiểm tra module liên quan, kết nối CAN"
164,MHU_SVM_DMS_STS,0x45C,1116,8,MHU,,MHU_SVM_RightCamera_Fault,19,2,Motorola,Unsigned,1,0,0,3,,,,,Lỗi,Khi phát hiện sự cố,Lỗi: MHU_SVM_RightCamera_Fault,Cao,"Kiểm tra module liên quan, kết nối CAN"
165,MHU_SVM_DMS_STS,0x45C,1116,8,MHU,,MHU_SETTING_DMSWarning,25,2,Motorola,Unsigned,1,0,0,3,,,,,Cảnh báo,Khi phát hiện trạng thái cảnh báo,Cảnh báo: MHU_SETTING_DMSWarning,Trung bình,"Kiểm tra hệ thống liên quan, xem lại mã lỗi"
166,DSCU_WarnMsg,0x480,1152,8,CVC_I,,CHKSM_PSM_WARNING_MSG,7,8,Motorola,Unsigned,1,0,0,255,,,,,Cảnh báo,Khi phát hiện trạng thái cảnh báo,Cảnh báo: CHKSM_PSM_WARNING_MSG,Trung bình,"Kiểm tra hệ thống liên quan, xem lại mã lỗi"
167,DSCU_WarnMsg,0x480,1152,8,CVC_I,,ALV_PSM_WARNING_MSG,11,4,Motorola,Unsigned,1,0,0,15,,,,,Cảnh báo,Khi phát hiện trạng thái cảnh báo,Cảnh báo: ALV_PSM_WARNING_MSG,Trung bình,"Kiểm tra hệ thống liên quan, xem lại mã lỗi"
168,XGW_WarnMsg,0x482,1154,8,CVC_I,,XGW_AutoHLLevelingFault,12,1,Motorola,Unsigned,1,0,0,1,-,,,,Lỗi,Khi phát hiện sự cố,Lỗi: XGW_AutoHLLevelingFault,Cao,"Kiểm tra module liên quan, kết nối CAN"
169,XGW_WarnMsg,0x482,1154,8,CVC_I,,XGW_Warning_Flag_3,14,1,Motorola,Unsigned,1,0,0,1,-,,,,Cảnh báo,Khi phát hiện sự cố trong trung tâm điều khiển chính,Cảnh báo từ Gateway/Control Unit,Cao,"Kiểm tra ECU chính, kết nối CAN bus, nguồn điện"
170,XGW_WarnMsg,0x482,1154,8,CVC_I,,XGW_Warning_Flag_4,15,1,Motorola,Unsigned,1,0,0,1,-,,,,Cảnh báo,Khi phát hiện sự cố trong trung tâm điều khiển chính,Cảnh báo từ Gateway/Control Unit,Cao,"Kiểm tra ECU chính, kết nối CAN bus, nguồn điện"
171,XGW_WarnMsg,0x482,1154,8,CVC_I,,XGW_Warning_Flag_5,16,1,Motorola,Unsigned,1,0,0,1,-,,,,Cảnh báo,Khi phát hiện sự cố trong trung tâm điều khiển chính,Cảnh báo từ Gateway/Control Unit,Cao,"Kiểm tra ECU chính, kết nối CAN bus, nguồn điện"
172,XGW_WarnMsg,0x482,1154,8,CVC_I,,XGW_Warning_Flag_6,17,1,Motorola,Unsigned,1,0,0,1,-,,,,Cảnh báo,Khi phát hiện sự cố trong trung tâm điều khiển chính,Cảnh báo từ Gateway/Control Unit,Cao,"Kiểm tra ECU chính, kết nối CAN bus, nguồn điện"
173,XGW_WarnMsg,0x482,1154,8,CVC_I,,XGW_Warning_Flag_7,18,1,Motorola,Unsigned,1,0,0,1,-,,,,Cảnh báo,Khi phát hiện sự cố trong trung tâm điều khiển chính,Cảnh báo từ Gateway/Control Unit,Cao,"Kiểm tra ECU chính, kết nối CAN bus, nguồn điện"
174,XGW_WarnMsg,0x482,1154,8,CVC_I,,XGW_Warning_Flag_8,19,1,Motorola,Unsigned,1,0,0,1,-,,,,Cảnh báo,Khi phát hiện sự cố trong trung tâm điều khiển chính,Cảnh báo từ Gateway/Control Unit,Cao,"Kiểm tra ECU chính, kết nối CAN bus, nguồn điện"
175,XGW_WarnMsg,0x482,1154,8,CVC_I,,XGW_Warning_Flag_9,20,1,Motorola,Unsigned,1,0,0,1,-,,,,Cảnh báo,Khi phát hiện sự cố trong trung tâm điều khiển chính,Cảnh báo từ Gateway/Control Unit,Cao,"Kiểm tra ECU chính, kết nối CAN bus, nguồn điện"
176,XGW_WarnMsg,0x482,1154,8,CVC_I,,XGW_Warning_Flag_10,21,1,Motorola,Unsigned,1,0,0,1,-,,,,Cảnh báo,Khi phát hiện sự cố trong trung tâm điều khiển chính,Cảnh báo từ Gateway/Control Unit,Cao,"Kiểm tra ECU chính, kết nối CAN bus, nguồn điện"
177,XGW_WarnMsg,0x482,1154,8,CVC_I,,XGW_Warning_Flag_11,22,1,Motorola,Unsigned,1,0,0,1,-,,,,Cảnh báo,Khi phát hiện sự cố trong trung tâm điều khiển chính,Cảnh báo từ Gateway/Control Unit,Cao,"Kiểm tra ECU chính, kết nối CAN bus, nguồn điện"
178,XGW_WarnMsg,0x482,1154,8,CVC_I,,XGW_Warning_Flag_12,23,1,Motorola,Unsigned,1,0,0,1,-,,,,Cảnh báo,Khi phát hiện sự cố trong trung tâm điều khiển chính,Cảnh báo từ Gateway/Control Unit,Cao,"Kiểm tra ECU chính, kết nối CAN bus, nguồn điện"
179,TPMS_TirePressure,0x483,1155,8,CVC_I,,TPMS_FLTirePressAlarm,34,3,Motorola,Unsigned,1,0,0,7,,,,,Chưa xác định,Chưa xác định,Signal: TPMS_FLTirePressAlarm - Chưa xác định,Chưa xác định,"Kiểm tra tài liệu CAN, liên hệ nhà cung cấp"
180,TPMS_TirePressure,0x483,1155,8,CVC_I,,TPMS_FRTirePressAlarm,38,3,Motorola,Unsigned,1,0,0,7,,,,,Chưa xác định,Chưa xác định,Signal: TPMS_FRTirePressAlarm - Chưa xác định,Chưa xác định,"Kiểm tra tài liệu CAN, liên hệ nhà cung cấp"
181,TPMS_TirePressure,0x483,1155,8,CVC_I,,TPMS_RLTirePressAlarm,42,3,Motorola,Unsigned,1,0,0,7,,,,,Chưa xác định,Chưa xác định,Signal: TPMS_RLTirePressAlarm - Chưa xác định,Chưa xác định,"Kiểm tra tài liệu CAN, liên hệ nhà cung cấp"
182,TPMS_TirePressure,0x483,1155,8,CVC_I,,TPMS_RRTirePressAlarm,46,3,Motorola,Unsigned,1,0,0,7,,,,,Chưa xác định,Chưa xác định,Signal: TPMS_RRTirePressAlarm - Chưa xác định,Chưa xác định,"Kiểm tra tài liệu CAN, liên hệ nhà cung cấp"
183,TPMS_TirePressure,0x483,1155,8,CVC_I,,TPMS_TireTempAlarm,52,1,Motorola,Unsigned,1,0,0,1,,,,,Chưa xác định,Chưa xác định,Signal: TPMS_TireTempAlarm - Chưa xác định,Chưa xác định,"Kiểm tra tài liệu CAN, liên hệ nhà cung cấp"
184,TPMS_TirePressure2,0x486,1158,8,CVC_I,,CHKSM_TirePressAlarm,7,8,Motorola,Unsigned,1,0,0,255,,,,,Chưa xác định,Chưa xác định,Signal: CHKSM_TirePressAlarm - Chưa xác định,Chưa xác định,"Kiểm tra tài liệu CAN, liên hệ nhà cung cấp"
185,TPMS_TirePressure2,0x486,1158,8,CVC_I,,ALV_TirePressAlarm,11,4,Motorola,Unsigned,1,0,0,15,,,,,Chưa xác định,Chưa xác định,Signal: ALV_TirePressAlarm - Chưa xác định,Chưa xác định,"Kiểm tra tài liệu CAN, liên hệ nhà cung cấp"
186,TPMS_TirePressure2,0x486,1158,8,CVC_I,,TPMS_FLTirePressAlarm2,18,3,Motorola,Unsigned,1,0,0,7,,,,,Chưa xác định,Chưa xác định,Signal: TPMS_FLTirePressAlarm2 - Chưa xác định,Chưa xác định,"Kiểm tra tài liệu CAN, liên hệ nhà cung cấp"
187,TPMS_TirePressure2,0x486,1158,8,CVC_I,,TPMS_FRTirePressAlarm2,21,3,Motorola,Unsigned,1,0,0,7,,,,,Chưa xác định,Chưa xác định,Signal: TPMS_FRTirePressAlarm2 - Chưa xác định,Chưa xác định,"Kiểm tra tài liệu CAN, liên hệ nhà cung cấp"
188,TPMS_TirePressure2,0x486,1158,8,CVC_I,,TPMS_RLTirePressAlarm2,26,3,Motorola,Unsigned,1,0,0,7,,,,,Chưa xác định,Chưa xác định,Signal: TPMS_RLTirePressAlarm2 - Chưa xác định,Chưa xác định,"Kiểm tra tài liệu CAN, liên hệ nhà cung cấp"
189,TPMS_TirePressure2,0x486,1158,8,CVC_I,,TPMS_RRTirePressAlarm2,29,3,Motorola,Unsigned,1,0,0,7,,,,,Chưa xác định,Chưa xác định,Signal: TPMS_RRTirePressAlarm2 - Chưa xác định,Chưa xác định,"Kiểm tra tài liệu CAN, liên hệ nhà cung cấp"
190,ACU_WarnMsg,0x488,1160,8,CVC_I,,CHKSM_ACU_WARNING_MSG,7,8,Motorola,Unsigned,1,0,0,255,,,,,Cảnh báo,Khi phát hiện trạng thái cảnh báo,Cảnh báo: CHKSM_ACU_WARNING_MSG,Trung bình,"Kiểm tra hệ thống liên quan, xem lại mã lỗi"
191,ACU_WarnMsg,0x488,1160,8,CVC_I,,ALV_ACU_WARNING_MSG,11,4,Motorola,Unsigned,1,0,0,15,,,,,Cảnh báo,Khi phát hiện trạng thái cảnh báo,Cảnh báo: ALV_ACU_WARNING_MSG,Trung bình,"Kiểm tra hệ thống liên quan, xem lại mã lỗi"
192,BCM_FR_CCU_WarnMsg,0x489,1161,8,CVC_I,,CCU_Warning_Flag_2,13,1,Motorola,Unsigned,1,0,0,1,-,,,,Cảnh báo,Khi phát hiện trạng thái cảnh báo,Cảnh báo: CCU_Warning_Flag_2,Trung bình,"Kiểm tra hệ thống liên quan, xem lại mã lỗi"
193,BCM_FR_CCU_WarnMsg,0x489,1161,8,CVC_I,,CCU_Warning_Flag_3,14,1,Motorola,Unsigned,1,0,0,1,,,,,Cảnh báo,Khi phát hiện trạng thái cảnh báo,Cảnh báo: CCU_Warning_Flag_3,Trung bình,"Kiểm tra hệ thống liên quan, xem lại mã lỗi"
194,BCM_FR_CCU_WarnMsg,0x489,1161,8,CVC_I,,CCU_Warning_Flag_4,15,1,Motorola,Unsigned,1,0,0,1,-,,,,Cảnh báo,Khi phát hiện trạng thái cảnh báo,Cảnh báo: CCU_Warning_Flag_4,Trung bình,"Kiểm tra hệ thống liên quan, xem lại mã lỗi"
195,BCM_FR_CCU_WarnMsg,0x489,1161,8,CVC_I,,CCU_Warning_Flag_5,16,1,Motorola,Unsigned,1,0,0,1,-,,,,Cảnh báo,Khi phát hiện trạng thái cảnh báo,Cảnh báo: CCU_Warning_Flag_5,Trung bình,"Kiểm tra hệ thống liên quan, xem lại mã lỗi"
196,BCM_FR_CCU_WarnMsg,0x489,1161,8,CVC_I,,CCU_Warning_Flag_6,17,1,Motorola,Unsigned,1,0,0,1,-,,,,Cảnh báo,Khi phát hiện trạng thái cảnh báo,Cảnh báo: CCU_Warning_Flag_6,Trung bình,"Kiểm tra hệ thống liên quan, xem lại mã lỗi"
197,BCM_FR_CCU_WarnMsg,0x489,1161,8,CVC_I,,CCU_Warning_Flag_7,18,1,Motorola,Unsigned,1,0,0,1,-,,,,Cảnh báo,Khi phát hiện trạng thái cảnh báo,Cảnh báo: CCU_Warning_Flag_7,Trung bình,"Kiểm tra hệ thống liên quan, xem lại mã lỗi"
198,BCM_FR_CCU_WarnMsg,0x489,1161,8,CVC_I,,CCU_Warning_Flag_8,19,1,Motorola,Unsigned,1,0,0,1,,,,,Cảnh báo,Khi phát hiện trạng thái cảnh báo,Cảnh báo: CCU_Warning_Flag_8,Trung bình,"Kiểm tra hệ thống liên quan, xem lại mã lỗi"
199,BCM_FR_CCU_WarnMsg,0x489,1161,8,CVC_I,,CCU_Warning_Flag_9,20,1,Motorola,Unsigned,1,0,0,1,,,,,Cảnh báo,Khi phát hiện trạng thái cảnh báo,Cảnh báo: CCU_Warning_Flag_9,Trung bình,"Kiểm tra hệ thống liên quan, xem lại mã lỗi"
200,BCM_FR_CCU_WarnMsg,0x489,1161,8,CVC_I,,CCU_Warning_Flag_10,21,1,Motorola,Unsigned,1,0,0,1,,,,,Cảnh báo,Khi phát hiện trạng thái cảnh báo,Cảnh báo: CCU_Warning_Flag_10,Trung bình,"Kiểm tra hệ thống liên quan, xem lại mã lỗi"
201,BCM_FR_CCU_WarnMsg,0x489,1161,8,CVC_I,,CCU_Warning_Flag_11,22,1,Motorola,Unsigned,1,0,0,1,,,,,Cảnh báo,Khi phát hiện trạng thái cảnh báo,Cảnh báo: CCU_Warning_Flag_11,Trung bình,"Kiểm tra hệ thống liên quan, xem lại mã lỗi"
202,BCM_FR_CCU_WarnMsg,0x489,1161,8,CVC_I,,CCU_Warning_Flag_12,23,1,Motorola,Unsigned,1,0,0,1,,,,,Cảnh báo,Khi phát hiện trạng thái cảnh báo,Cảnh báo: CCU_Warning_Flag_12,Trung bình,"Kiểm tra hệ thống liên quan, xem lại mã lỗi"
203,ETG_WarnMsg,0x48E,1166,8,CVC_I,,ETG_Warning_Flag_2,13,1,Motorola,Unsigned,1,0,0,1,-,,,,Cảnh báo,Khi nhiệt độ động cơ vượt quá ngưỡng an toàn,Cảnh báo Engine Thermal Guard - bảo vệ quá nhiệt động cơ,Rất cao - An toàn động cơ,"Kiểm tra làm mát động cơ, cảm biến nhiệt độ, quạt điều hòa"
204,ETG_WarnMsg,0x48E,1166,8,CVC_I,,ETG_Warning_Flag_3,14,1,Motorola,Unsigned,1,0,0,1,,,,,Cảnh báo,Khi nhiệt độ động cơ vượt quá ngưỡng an toàn,Cảnh báo Engine Thermal Guard - bảo vệ quá nhiệt động cơ,Rất cao - An toàn động cơ,"Kiểm tra làm mát động cơ, cảm biến nhiệt độ, quạt điều hòa"
205,ETG_WarnMsg,0x48E,1166,8,CVC_I,,ETG_Warning_Flag_4,15,1,Motorola,Unsigned,1,0,0,1,,,,,Cảnh báo,Khi nhiệt độ động cơ vượt quá ngưỡng an toàn,Cảnh báo Engine Thermal Guard - bảo vệ quá nhiệt động cơ,Rất cao - An toàn động cơ,"Kiểm tra làm mát động cơ, cảm biến nhiệt độ, quạt điều hòa"
206,ETG_WarnMsg,0x48E,1166,8,CVC_I,,ETG_Warning_Flag_5,16,1,Motorola,Unsigned,1,0,0,1,-,,,,Cảnh báo,Khi nhiệt độ động cơ vượt quá ngưỡng an toàn,Cảnh báo Engine Thermal Guard - bảo vệ quá nhiệt động cơ,Rất cao - An toàn động cơ,"Kiểm tra làm mát động cơ, cảm biến nhiệt độ, quạt điều hòa"
207,ETG_WarnMsg,0x48E,1166,8,CVC_I,,ETG_Warning_Flag_6,17,1,Motorola,Unsigned,1,0,0,1,-,,,,Cảnh báo,Khi nhiệt độ động cơ vượt quá ngưỡng an toàn,Cảnh báo Engine Thermal Guard - bảo vệ quá nhiệt động cơ,Rất cao - An toàn động cơ,"Kiểm tra làm mát động cơ, cảm biến nhiệt độ, quạt điều hòa"
208,ETG_WarnMsg,0x48E,1166,8,CVC_I,,ETG_Warning_Flag_7,18,1,Motorola,Unsigned,1,0,0,1,-,,,,Cảnh báo,Khi nhiệt độ động cơ vượt quá ngưỡng an toàn,Cảnh báo Engine Thermal Guard - bảo vệ quá nhiệt động cơ,Rất cao - An toàn động cơ,"Kiểm tra làm mát động cơ, cảm biến nhiệt độ, quạt điều hòa"
209,ETG_WarnMsg,0x48E,1166,8,CVC_I,,ETG_Warning_Flag_8,19,1,Motorola,Unsigned,1,0,0,1,,,,,Cảnh báo,Khi nhiệt độ động cơ vượt quá ngưỡng an toàn,Cảnh báo Engine Thermal Guard - bảo vệ quá nhiệt động cơ,Rất cao - An toàn động cơ,"Kiểm tra làm mát động cơ, cảm biến nhiệt độ, quạt điều hòa"
210,ETG_WarnMsg,0x48E,1166,8,CVC_I,,ETG_Warning_Flag_9,20,1,Motorola,Unsigned,1,0,0,1,,,,,Cảnh báo,Khi nhiệt độ động cơ vượt quá ngưỡng an toàn,Cảnh báo Engine Thermal Guard - bảo vệ quá nhiệt động cơ,Rất cao - An toàn động cơ,"Kiểm tra làm mát động cơ, cảm biến nhiệt độ, quạt điều hòa"
211,ETG_WarnMsg,0x48E,1166,8,CVC_I,,ETG_Warning_Flag_10,21,1,Motorola,Unsigned,1,0,0,1,,,,,Cảnh báo,Khi nhiệt độ động cơ vượt quá ngưỡng an toàn,Cảnh báo Engine Thermal Guard - bảo vệ quá nhiệt động cơ,Rất cao - An toàn động cơ,"Kiểm tra làm mát động cơ, cảm biến nhiệt độ, quạt điều hòa"
212,ETG_WarnMsg,0x48E,1166,8,CVC_I,,ETG_Warning_Flag_11,22,1,Motorola,Unsigned,1,0,0,1,-,,,,Cảnh báo,Khi nhiệt độ động cơ vượt quá ngưỡng an toàn,Cảnh báo Engine Thermal Guard - bảo vệ quá nhiệt động cơ,Rất cao - An toàn động cơ,"Kiểm tra làm mát động cơ, cảm biến nhiệt độ, quạt điều hòa"
213,ETG_WarnMsg,0x48E,1166,8,CVC_I,,ETG_Warning_Flag_12,23,1,Motorola,Unsigned,1,0,0,1,,,,,Cảnh báo,Khi nhiệt độ động cơ vượt quá ngưỡng an toàn,Cảnh báo Engine Thermal Guard - bảo vệ quá nhiệt động cơ,Rất cao - An toàn động cơ,"Kiểm tra làm mát động cơ, cảm biến nhiệt độ, quạt điều hòa"
214,GS_WarnMsg,0x490,1168,8,CVC_I,,GS_Warning_Flag_1,12,1,Motorola,Unsigned,1,0,0,1,,,,,Cảnh báo,Khi phát hiện sự cố trong quá trình chuyển số,Cảnh báo Gear Shift - cảnh báo hệ thống truyền động,Cao - Ảnh hưởng lái xe,"Kiểm tra hộp số, cảm biến vị trí, mạch điều khiển"
215,GS_WarnMsg,0x490,1168,8,CVC_I,,GS_Warning_Flag_2,13,1,Motorola,Unsigned,1,0,0,1,,,,,Cảnh báo,Khi phát hiện sự cố trong quá trình chuyển số,Cảnh báo Gear Shift - cảnh báo hệ thống truyền động,Cao - Ảnh hưởng lái xe,"Kiểm tra hộp số, cảm biến vị trí, mạch điều khiển"
216,GS_WarnMsg,0x490,1168,8,CVC_I,,GS_Warning_Flag_3,14,1,Motorola,Unsigned,1,0,0,1,-,,,,Cảnh báo,Khi phát hiện sự cố trong quá trình chuyển số,Cảnh báo Gear Shift - cảnh báo hệ thống truyền động,Cao - Ảnh hưởng lái xe,"Kiểm tra hộp số, cảm biến vị trí, mạch điều khiển"
217,GS_WarnMsg,0x490,1168,8,CVC_I,,GS_Warning_Flag_4,15,1,Motorola,Unsigned,1,0,0,1,-,,,,Cảnh báo,Khi phát hiện sự cố trong quá trình chuyển số,Cảnh báo Gear Shift - cảnh báo hệ thống truyền động,Cao - Ảnh hưởng lái xe,"Kiểm tra hộp số, cảm biến vị trí, mạch điều khiển"
218,GS_WarnMsg,0x490,1168,8,CVC_I,,GS_Warning_Flag_5,16,1,Motorola,Unsigned,1,0,0,1,,,,,Cảnh báo,Khi phát hiện sự cố trong quá trình chuyển số,Cảnh báo Gear Shift - cảnh báo hệ thống truyền động,Cao - Ảnh hưởng lái xe,"Kiểm tra hộp số, cảm biến vị trí, mạch điều khiển"
219,GS_WarnMsg,0x490,1168,8,CVC_I,,GS_Warning_Flag_6,17,1,Motorola,Unsigned,1,0,0,1,-,,,,Cảnh báo,Khi phát hiện sự cố trong quá trình chuyển số,Cảnh báo Gear Shift - cảnh báo hệ thống truyền động,Cao - Ảnh hưởng lái xe,"Kiểm tra hộp số, cảm biến vị trí, mạch điều khiển"
220,GS_WarnMsg,0x490,1168,8,CVC_I,,GS_Warning_Flag_7,18,1,Motorola,Unsigned,1,0,0,1,,,,,Cảnh báo,Khi phát hiện sự cố trong quá trình chuyển số,Cảnh báo Gear Shift - cảnh báo hệ thống truyền động,Cao - Ảnh hưởng lái xe,"Kiểm tra hộp số, cảm biến vị trí, mạch điều khiển"
221,GS_WarnMsg,0x490,1168,8,CVC_I,,GS_Warning_Flag_8,19,1,Motorola,Unsigned,1,0,0,1,,,,,Cảnh báo,Khi phát hiện sự cố trong quá trình chuyển số,Cảnh báo Gear Shift - cảnh báo hệ thống truyền động,Cao - Ảnh hưởng lái xe,"Kiểm tra hộp số, cảm biến vị trí, mạch điều khiển"
222,GS_WarnMsg,0x490,1168,8,CVC_I,,GS_Warning_Flag_9,20,1,Motorola,Unsigned,1,0,0,1,-,,,,Cảnh báo,Khi phát hiện sự cố trong quá trình chuyển số,Cảnh báo Gear Shift - cảnh báo hệ thống truyền động,Cao - Ảnh hưởng lái xe,"Kiểm tra hộp số, cảm biến vị trí, mạch điều khiển"
223,GS_WarnMsg,0x490,1168,8,CVC_I,,GS_Warning_Flag_10,21,1,Motorola,Unsigned,1,0,0,1,-,,,,Cảnh báo,Khi phát hiện sự cố trong quá trình chuyển số,Cảnh báo Gear Shift - cảnh báo hệ thống truyền động,Cao - Ảnh hưởng lái xe,"Kiểm tra hộp số, cảm biến vị trí, mạch điều khiển"
224,GS_WarnMsg,0x490,1168,8,CVC_I,,GS_Warning_Flag_11,22,1,Motorola,Unsigned,1,0,0,1,,,,,Cảnh báo,Khi phát hiện sự cố trong quá trình chuyển số,Cảnh báo Gear Shift - cảnh báo hệ thống truyền động,Cao - Ảnh hưởng lái xe,"Kiểm tra hộp số, cảm biến vị trí, mạch điều khiển"
225,GS_WarnMsg,0x490,1168,8,CVC_I,,GS_Warning_Flag_12,23,1,Motorola,Unsigned,1,0,0,1,,,,,Cảnh báo,Khi phát hiện sự cố trong quá trình chuyển số,Cảnh báo Gear Shift - cảnh báo hệ thống truyền động,Cao - Ảnh hưởng lái xe,"Kiểm tra hộp số, cảm biến vị trí, mạch điều khiển"
226,BMS_WarnMsg,0x493,1171,8,CVC_I,,BMS_Warning_PowerDegrade,16,1,Motorola,Unsigned,1,0,0,1,,,,,Cảnh báo,"Khi phát hiện bất thường về pin (nhiệt độ, điện áp, sức khỏe)",Cảnh báo Battery Management System - hệ thống quản lý pin,Cao - Ảnh hưởng tuổi thọ pin,"Kiểm tra BMS, các cell pin, nhiệt độ, hiệu chuẩn"
227,BMS_WarnMsg,0x493,1171,8,CVC_I,,BMS_Warning_DeltaSoC,17,1,Motorola,Unsigned,1,0,0,1,,,,,Cảnh báo,"Khi phát hiện bất thường về pin (nhiệt độ, điện áp, sức khỏe)",Cảnh báo Battery Management System - hệ thống quản lý pin,Cao - Ảnh hưởng tuổi thọ pin,"Kiểm tra BMS, các cell pin, nhiệt độ, hiệu chuẩn"
228,BMS_WarnMsg,0x493,1171,8,CVC_I,,BMS_Warning_HVILSts,18,1,Motorola,Unsigned,1,0,0,1,,,,,Cảnh báo,"Khi phát hiện bất thường về pin (nhiệt độ, điện áp, sức khỏe)",Cảnh báo Battery Management System - hệ thống quản lý pin,Cao - Ảnh hưởng tuổi thọ pin,"Kiểm tra BMS, các cell pin, nhiệt độ, hiệu chuẩn"
229,BMS_WarnMsg,0x493,1171,8,CVC_I,,BMS_Warning_Isolation,19,1,Motorola,Unsigned,1,0,0,1,,,,,Cảnh báo,"Khi phát hiện bất thường về pin (nhiệt độ, điện áp, sức khỏe)",Cảnh báo Battery Management System - hệ thống quản lý pin,Cao - Ảnh hưởng tuổi thọ pin,"Kiểm tra BMS, các cell pin, nhiệt độ, hiệu chuẩn"
230,BMS_WarnMsg,0x493,1171,8,CVC_I,,BMS_Warning_CoolantLeakage,20,1,Motorola,Unsigned,1,0,0,1,,,,,Cảnh báo,"Khi phát hiện bất thường về pin (nhiệt độ, điện áp, sức khỏe)",Cảnh báo Battery Management System - hệ thống quản lý pin,Cao - Ảnh hưởng tuổi thọ pin,"Kiểm tra BMS, các cell pin, nhiệt độ, hiệu chuẩn"
231,BMS_WarnMsg,0x493,1171,8,CVC_I,,BMS_Warning_DeltaTemperature,31,8,Motorola,Unsigned,1,0,0,255,,,,,Cảnh báo,"Khi phát hiện bất thường về pin (nhiệt độ, điện áp, sức khỏe)",Cảnh báo Battery Management System - hệ thống quản lý pin,Cao - Ảnh hưởng tuổi thọ pin,"Kiểm tra BMS, các cell pin, nhiệt độ, hiệu chuẩn"
232,BMS_WarnMsg,0x493,1171,8,CVC_I,,BMS_Warning_BDUTemperatureSts,39,8,Motorola,Unsigned,1,0,0,255,,,,,Cảnh báo,"Khi phát hiện bất thường về pin (nhiệt độ, điện áp, sức khỏe)",Cảnh báo Battery Management System - hệ thống quản lý pin,Cao - Ảnh hưởng tuổi thọ pin,"Kiểm tra BMS, các cell pin, nhiệt độ, hiệu chuẩn"
233,BMS_WarnMsg,0x493,1171,8,CVC_I,,BMS_Warning_Contactor_Aging,47,1,Motorola,Unsigned,1,0,0,1,,,,,Cảnh báo,"Khi phát hiện bất thường về pin (nhiệt độ, điện áp, sức khỏe)",Cảnh báo Battery Management System - hệ thống quản lý pin,Cao - Ảnh hưởng tuổi thọ pin,"Kiểm tra BMS, các cell pin, nhiệt độ, hiệu chuẩn"
234,RCU_WarnMsg,0x4A7,1191,8,CVC_I,,RCU_EHandBrk_fault,13,1,Motorola,Unsigned,1,0,0,1,,,,,Lỗi,Khi phát hiện sự cố,Lỗi: RCU_EHandBrk_fault,Cao,"Kiểm tra module liên quan, kết nối CAN"
235,EPS_WarnMsg,0x4A8,1192,8,CVC_I,,EPS_Warning_Flag_5,16,1,Motorola,Unsigned,1,0,0,1,-,,,,Cảnh báo,Khi hệ thống lái điện tử bị lỗi hoặc quá tải,Cảnh báo Electric Power Steering - hệ thống lái điện tử,Rất cao - An toàn lái xe,"Kiểm tra motor EPS, cảm biến áp lực lái, ECU"
236,EPS_WarnMsg,0x4A8,1192,8,CVC_I,,EPS_Warning_Flag_6,17,1,Motorola,Unsigned,1,0,0,1,,,,,Cảnh báo,Khi hệ thống lái điện tử bị lỗi hoặc quá tải,Cảnh báo Electric Power Steering - hệ thống lái điện tử,Rất cao - An toàn lái xe,"Kiểm tra motor EPS, cảm biến áp lực lái, ECU"
237,EPS_WarnMsg,0x4A8,1192,8,CVC_I,,EPS_Warning_Flag_7,18,1,Motorola,Unsigned,1,0,0,1,,,,,Cảnh báo,Khi hệ thống lái điện tử bị lỗi hoặc quá tải,Cảnh báo Electric Power Steering - hệ thống lái điện tử,Rất cao - An toàn lái xe,"Kiểm tra motor EPS, cảm biến áp lực lái, ECU"
238,EPS_WarnMsg,0x4A8,1192,8,CVC_I,,EPS_Warning_Flag_8,19,1,Motorola,Unsigned,1,0,0,1,-,,,,Cảnh báo,Khi hệ thống lái điện tử bị lỗi hoặc quá tải,Cảnh báo Electric Power Steering - hệ thống lái điện tử,Rất cao - An toàn lái xe,"Kiểm tra motor EPS, cảm biến áp lực lái, ECU"
239,EPS_WarnMsg,0x4A8,1192,8,CVC_I,,EPS_Warning_Flag_9,20,1,Motorola,Unsigned,1,0,0,1,-,,,,Cảnh báo,Khi hệ thống lái điện tử bị lỗi hoặc quá tải,Cảnh báo Electric Power Steering - hệ thống lái điện tử,Rất cao - An toàn lái xe,"Kiểm tra motor EPS, cảm biến áp lực lái, ECU"
240,EPS_WarnMsg,0x4A8,1192,8,CVC_I,,EPS_Warning_Flag_10,21,1,Motorola,Unsigned,1,0,0,1,,,,,Cảnh báo,Khi hệ thống lái điện tử bị lỗi hoặc quá tải,Cảnh báo Electric Power Steering - hệ thống lái điện tử,Rất cao - An toàn lái xe,"Kiểm tra motor EPS, cảm biến áp lực lái, ECU"
241,EPS_WarnMsg,0x4A8,1192,8,CVC_I,,EPS_Warning_Flag_11,22,1,Motorola,Unsigned,1,0,0,1,,,,,Cảnh báo,Khi hệ thống lái điện tử bị lỗi hoặc quá tải,Cảnh báo Electric Power Steering - hệ thống lái điện tử,Rất cao - An toàn lái xe,"Kiểm tra motor EPS, cảm biến áp lực lái, ECU"
242,EPS_WarnMsg,0x4A8,1192,8,CVC_I,,EPS_Warning_Flag_12,23,1,Motorola,Unsigned,1,0,0,1,-,,,,Cảnh báo,Khi hệ thống lái điện tử bị lỗi hoặc quá tải,Cảnh báo Electric Power Steering - hệ thống lái điện tử,Rất cao - An toàn lái xe,"Kiểm tra motor EPS, cảm biến áp lực lái, ECU"
243,CVC_WarnMsg,0x4AC,1196,12,CVC_I,,CVC_12v_Warning,29,1,Motorola,Unsigned,1,0,0,1,,,,,Cảnh báo,Khi phát hiện trạng thái cảnh báo,Cảnh báo: CVC_12v_Warning,Trung bình,"Kiểm tra hệ thống liên quan, xem lại mã lỗi"
245,EASC_WarnMsg,0x4AE,1198,8,CVC_I,,EASC_Warning_Flag_1,12,1,Motorola,Unsigned,1,0,0,1,-,,,,Cảnh báo,Khi hệ thống treo khí nén bị lỗi hoặc mất áp suất,Cảnh báo Electronic Air Suspension Control - hệ thống treo khí nén,Cao - Thoải mái và an toàn,"Kiểm tra bộ nén khí, túi treo, cảm biến áp suất"
246,EASC_WarnMsg,0x4AE,1198,8,CVC_I,,EASC_Warning_Flag_2,13,1,Motorola,Unsigned,1,0,0,1,-,,,,Cảnh báo,Khi hệ thống treo khí nén bị lỗi hoặc mất áp suất,Cảnh báo Electronic Air Suspension Control - hệ thống treo khí nén,Cao - Thoải mái và an toàn,"Kiểm tra bộ nén khí, túi treo, cảm biến áp suất"
247,EASC_WarnMsg,0x4AE,1198,8,CVC_I,,EASC_Warning_Flag_3,14,1,Motorola,Unsigned,1,0,0,1,-,,,,Cảnh báo,Khi hệ thống treo khí nén bị lỗi hoặc mất áp suất,Cảnh báo Electronic Air Suspension Control - hệ thống treo khí nén,Cao - Thoải mái và an toàn,"Kiểm tra bộ nén khí, túi treo, cảm biến áp suất"
248,EASC_WarnMsg,0x4AE,1198,8,CVC_I,,EASC_Warning_Flag_4,15,1,Motorola,Unsigned,1,0,0,1,-,,,,Cảnh báo,Khi hệ thống treo khí nén bị lỗi hoặc mất áp suất,Cảnh báo Electronic Air Suspension Control - hệ thống treo khí nén,Cao - Thoải mái và an toàn,"Kiểm tra bộ nén khí, túi treo, cảm biến áp suất"
249,EASC_WarnMsg,0x4AE,1198,8,CVC_I,,EASC_Warning_Flag_5,16,1,Motorola,Unsigned,1,0,0,1,-,,,,Cảnh báo,Khi hệ thống treo khí nén bị lỗi hoặc mất áp suất,Cảnh báo Electronic Air Suspension Control - hệ thống treo khí nén,Cao - Thoải mái và an toàn,"Kiểm tra bộ nén khí, túi treo, cảm biến áp suất"
250,EASC_WarnMsg,0x4AE,1198,8,CVC_I,,EASC_Warning_Flag_6,17,1,Motorola,Unsigned,1,0,0,1,-,,,,Cảnh báo,Khi hệ thống treo khí nén bị lỗi hoặc mất áp suất,Cảnh báo Electronic Air Suspension Control - hệ thống treo khí nén,Cao - Thoải mái và an toàn,"Kiểm tra bộ nén khí, túi treo, cảm biến áp suất"
251,EASC_WarnMsg,0x4AE,1198,8,CVC_I,,EASC_Warning_Flag_7,18,1,Motorola,Unsigned,1,0,0,1,-,,,,Cảnh báo,Khi hệ thống treo khí nén bị lỗi hoặc mất áp suất,Cảnh báo Electronic Air Suspension Control - hệ thống treo khí nén,Cao - Thoải mái và an toàn,"Kiểm tra bộ nén khí, túi treo, cảm biến áp suất"
252,EASC_WarnMsg,0x4AE,1198,8,CVC_I,,EASC_Warning_Flag_8,19,1,Motorola,Unsigned,1,0,0,1,-,,,,Cảnh báo,Khi hệ thống treo khí nén bị lỗi hoặc mất áp suất,Cảnh báo Electronic Air Suspension Control - hệ thống treo khí nén,Cao - Thoải mái và an toàn,"Kiểm tra bộ nén khí, túi treo, cảm biến áp suất"
253,EASC_WarnMsg,0x4AE,1198,8,CVC_I,,EASC_Warning_Flag_9,20,1,Motorola,Unsigned,1,0,0,1,-,,,,Cảnh báo,Khi hệ thống treo khí nén bị lỗi hoặc mất áp suất,Cảnh báo Electronic Air Suspension Control - hệ thống treo khí nén,Cao - Thoải mái và an toàn,"Kiểm tra bộ nén khí, túi treo, cảm biến áp suất"
254,EASC_WarnMsg,0x4AE,1198,8,CVC_I,,EASC_Warning_Flag_10,21,1,Motorola,Unsigned,1,0,0,1,-,,,,Cảnh báo,Khi hệ thống treo khí nén bị lỗi hoặc mất áp suất,Cảnh báo Electronic Air Suspension Control - hệ thống treo khí nén,Cao - Thoải mái và an toàn,"Kiểm tra bộ nén khí, túi treo, cảm biến áp suất"
255,EASC_WarnMsg,0x4AE,1198,8,CVC_I,,EASC_Warning_Flag_11,22,1,Motorola,Unsigned,1,0,0,1,-,,,,Cảnh báo,Khi hệ thống treo khí nén bị lỗi hoặc mất áp suất,Cảnh báo Electronic Air Suspension Control - hệ thống treo khí nén,Cao - Thoải mái và an toàn,"Kiểm tra bộ nén khí, túi treo, cảm biến áp suất"
256,EASC_WarnMsg,0x4AE,1198,8,CVC_I,,EASC_Warning_Flag_12,23,1,Motorola,Unsigned,1,0,0,1,-,,,,Cảnh báo,Khi hệ thống treo khí nén bị lỗi hoặc mất áp suất,Cảnh báo Electronic Air Suspension Control - hệ thống treo khí nén,Cao - Thoải mái và an toàn,"Kiểm tra bộ nén khí, túi treo, cảm biến áp suất"
257,CPD_WarnMsg,0x4AF,1199,8,CVC_I,,CPD_SensorFault,14,2,Motorola,Unsigned,1,0,0,3,,,,,Lỗi,Khi phát hiện sự cố,Lỗi: CPD_SensorFault,Cao,"Kiểm tra module liên quan, kết nối CAN"
258,CPD_WarnMsg,0x4AF,1199,8,CVC_I,,CPD_Warning_Flag_4,15,1,Motorola,Unsigned,1,0,0,1,,,,,Cảnh báo,Khi phát hiện sự cố trong cửa hoặc cơ cấu thoải mái,Cảnh báo từ hệ thống Comfort/Passenger Door,Thấp đến trung bình,"Kiểm tra cửa, motor cửa, công tắc"
259,CPD_WarnMsg,0x4AF,1199,8,CVC_I,,CPD_Warning_Flag_5,16,1,Motorola,Unsigned,1,0,0,1,,,,,Cảnh báo,Khi phát hiện sự cố trong cửa hoặc cơ cấu thoải mái,Cảnh báo từ hệ thống Comfort/Passenger Door,Thấp đến trung bình,"Kiểm tra cửa, motor cửa, công tắc"
260,CPD_WarnMsg,0x4AF,1199,8,CVC_I,,CPD_Warning_Flag_6,17,1,Motorola,Unsigned,1,0,0,1,,,,,Cảnh báo,Khi phát hiện sự cố trong cửa hoặc cơ cấu thoải mái,Cảnh báo từ hệ thống Comfort/Passenger Door,Thấp đến trung bình,"Kiểm tra cửa, motor cửa, công tắc"
261,CPD_WarnMsg,0x4AF,1199,8,CVC_I,,CPD_Warning_Flag_7,18,1,Motorola,Unsigned,1,0,0,1,,,,,Cảnh báo,Khi phát hiện sự cố trong cửa hoặc cơ cấu thoải mái,Cảnh báo từ hệ thống Comfort/Passenger Door,Thấp đến trung bình,"Kiểm tra cửa, motor cửa, công tắc"
262,CPD_WarnMsg,0x4AF,1199,8,CVC_I,,CPD_Warning_Flag_8,19,1,Motorola,Unsigned,1,0,0,1,,,,,Cảnh báo,Khi phát hiện sự cố trong cửa hoặc cơ cấu thoải mái,Cảnh báo từ hệ thống Comfort/Passenger Door,Thấp đến trung bình,"Kiểm tra cửa, motor cửa, công tắc"
263,CPD_WarnMsg,0x4AF,1199,8,CVC_I,,CPD_Warning_Flag_9,20,1,Motorola,Unsigned,1,0,0,1,,,,,Cảnh báo,Khi phát hiện sự cố trong cửa hoặc cơ cấu thoải mái,Cảnh báo từ hệ thống Comfort/Passenger Door,Thấp đến trung bình,"Kiểm tra cửa, motor cửa, công tắc"
264,CPD_WarnMsg,0x4AF,1199,8,CVC_I,,CPD_Warning_Flag_10,21,1,Motorola,Unsigned,1,0,0,1,,,,,Cảnh báo,Khi phát hiện sự cố trong cửa hoặc cơ cấu thoải mái,Cảnh báo từ hệ thống Comfort/Passenger Door,Thấp đến trung bình,"Kiểm tra cửa, motor cửa, công tắc"
265,CPD_WarnMsg,0x4AF,1199,8,CVC_I,,CPD_Warning_Flag_11,22,1,Motorola,Unsigned,1,0,0,1,,,,,Cảnh báo,Khi phát hiện sự cố trong cửa hoặc cơ cấu thoải mái,Cảnh báo từ hệ thống Comfort/Passenger Door,Thấp đến trung bình,"Kiểm tra cửa, motor cửa, công tắc"
266,CPD_WarnMsg,0x4AF,1199,8,CVC_I,,CPD_Warning_Flag_12,23,1,Motorola,Unsigned,1,0,0,1,,,,,Cảnh báo,Khi phát hiện sự cố trong cửa hoặc cơ cấu thoải mái,Cảnh báo từ hệ thống Comfort/Passenger Door,Thấp đến trung bình,"Kiểm tra cửa, motor cửa, công tắc"
267,TRM_WarnMsg,0x4BB,1211,8,CVC_I,,TRM_Warning_Flag_5,16,1,Motorola,Unsigned,1,0,0,1,-,,,,Cảnh báo,Khi hệ thống kết nối trailer bị lỗi,Cảnh báo Trailer Module,Cao - An toàn,"Kiểm tra kết nối trailer, lõi dây, cảm biến"
268,TRM_WarnMsg,0x4BB,1211,8,CVC_I,,TRM_Warning_Flag_6,17,1,Motorola,Unsigned,1,0,0,1,,,,,Cảnh báo,Khi hệ thống kết nối trailer bị lỗi,Cảnh báo Trailer Module,Cao - An toàn,"Kiểm tra kết nối trailer, lõi dây, cảm biến"
269,TRM_WarnMsg,0x4BB,1211,8,CVC_I,,TRM_Warning_Flag_7,18,1,Motorola,Unsigned,1,0,0,1,,,,,Cảnh báo,Khi hệ thống kết nối trailer bị lỗi,Cảnh báo Trailer Module,Cao - An toàn,"Kiểm tra kết nối trailer, lõi dây, cảm biến"
270,TRM_WarnMsg,0x4BB,1211,8,CVC_I,,TRM_Warning_Flag_8,19,1,Motorola,Unsigned,1,0,0,1,-,,,,Cảnh báo,Khi hệ thống kết nối trailer bị lỗi,Cảnh báo Trailer Module,Cao - An toàn,"Kiểm tra kết nối trailer, lõi dây, cảm biến"
271,TRM_WarnMsg,0x4BB,1211,8,CVC_I,,TRM_Warning_Flag_9,20,1,Motorola,Unsigned,1,0,0,1,-,,,,Cảnh báo,Khi hệ thống kết nối trailer bị lỗi,Cảnh báo Trailer Module,Cao - An toàn,"Kiểm tra kết nối trailer, lõi dây, cảm biến"
272,TRM_WarnMsg,0x4BB,1211,8,CVC_I,,TRM_Warning_Flag_10,21,1,Motorola,Unsigned,1,0,0,1,-,,,,Cảnh báo,Khi hệ thống kết nối trailer bị lỗi,Cảnh báo Trailer Module,Cao - An toàn,"Kiểm tra kết nối trailer, lõi dây, cảm biến"
273,TRM_WarnMsg,0x4BB,1211,8,CVC_I,,TRM_Warning_Flag_11,22,1,Motorola,Unsigned,1,0,0,1,,,,,Cảnh báo,Khi hệ thống kết nối trailer bị lỗi,Cảnh báo Trailer Module,Cao - An toàn,"Kiểm tra kết nối trailer, lõi dây, cảm biến"
274,TRM_WarnMsg,0x4BB,1211,8,CVC_I,,TRM_Warning_Flag_12,23,1,Motorola,Unsigned,1,0,0,1,,,,,Cảnh báo,Khi hệ thống kết nối trailer bị lỗi,Cảnh báo Trailer Module,Cao - An toàn,"Kiểm tra kết nối trailer, lõi dây, cảm biến"
275,POD_WarnMsg,0x4BD,1213,8,CVC_I,,POD_Warning_Flag_1,12,1,Motorola,Unsigned,1,0,0,1,-,,,,Cảnh báo,Khi có sự cố trong hệ thống công suất hoặc phòng chờ,Cảnh báo từ hệ thống Park Operations/Power On Demand,Trung bình đến cao,"Kiểm tra hệ thống quản lý năng lượng, pin, máy phát"
276,POD_WarnMsg,0x4BD,1213,8,CVC_I,,POD_Warning_Flag_2,13,1,Motorola,Unsigned,1,0,0,1,-,,,,Cảnh báo,Khi có sự cố trong hệ thống công suất hoặc phòng chờ,Cảnh báo từ hệ thống Park Operations/Power On Demand,Trung bình đến cao,"Kiểm tra hệ thống quản lý năng lượng, pin, máy phát"
277,POD_WarnMsg,0x4BD,1213,8,CVC_I,,POD_Warning_Flag_3,14,1,Motorola,Unsigned,1,0,0,1,-,,,,Cảnh báo,Khi có sự cố trong hệ thống công suất hoặc phòng chờ,Cảnh báo từ hệ thống Park Operations/Power On Demand,Trung bình đến cao,"Kiểm tra hệ thống quản lý năng lượng, pin, máy phát"
278,POD_WarnMsg,0x4BD,1213,8,CVC_I,,POD_Warning_Flag_4,15,1,Motorola,Unsigned,1,0,0,1,-,,,,Cảnh báo,Khi có sự cố trong hệ thống công suất hoặc phòng chờ,Cảnh báo từ hệ thống Park Operations/Power On Demand,Trung bình đến cao,"Kiểm tra hệ thống quản lý năng lượng, pin, máy phát"
279,POD_WarnMsg,0x4BD,1213,8,CVC_I,,POD_Warning_Flag_5,16,1,Motorola,Unsigned,1,0,0,1,-,,,,Cảnh báo,Khi có sự cố trong hệ thống công suất hoặc phòng chờ,Cảnh báo từ hệ thống Park Operations/Power On Demand,Trung bình đến cao,"Kiểm tra hệ thống quản lý năng lượng, pin, máy phát"
280,POD_WarnMsg,0x4BD,1213,8,CVC_I,,POD_Warning_Flag_6,17,1,Motorola,Unsigned,1,0,0,1,-,,,,Cảnh báo,Khi có sự cố trong hệ thống công suất hoặc phòng chờ,Cảnh báo từ hệ thống Park Operations/Power On Demand,Trung bình đến cao,"Kiểm tra hệ thống quản lý năng lượng, pin, máy phát"
281,POD_WarnMsg,0x4BD,1213,8,CVC_I,,POD_Warning_Flag_7,18,1,Motorola,Unsigned,1,0,0,1,-,,,,Cảnh báo,Khi có sự cố trong hệ thống công suất hoặc phòng chờ,Cảnh báo từ hệ thống Park Operations/Power On Demand,Trung bình đến cao,"Kiểm tra hệ thống quản lý năng lượng, pin, máy phát"
282,POD_WarnMsg,0x4BD,1213,8,CVC_I,,POD_Warning_Flag_8,19,1,Motorola,Unsigned,1,0,0,1,-,,,,Cảnh báo,Khi có sự cố trong hệ thống công suất hoặc phòng chờ,Cảnh báo từ hệ thống Park Operations/Power On Demand,Trung bình đến cao,"Kiểm tra hệ thống quản lý năng lượng, pin, máy phát"
283,POD_WarnMsg,0x4BD,1213,8,CVC_I,,POD_Warning_Flag_9,20,1,Motorola,Unsigned,1,0,0,1,-,,,,Cảnh báo,Khi có sự cố trong hệ thống công suất hoặc phòng chờ,Cảnh báo từ hệ thống Park Operations/Power On Demand,Trung bình đến cao,"Kiểm tra hệ thống quản lý năng lượng, pin, máy phát"
284,POD_WarnMsg,0x4BD,1213,8,CVC_I,,POD_Warning_Flag_10,21,1,Motorola,Unsigned,1,0,0,1,-,,,,Cảnh báo,Khi có sự cố trong hệ thống công suất hoặc phòng chờ,Cảnh báo từ hệ thống Park Operations/Power On Demand,Trung bình đến cao,"Kiểm tra hệ thống quản lý năng lượng, pin, máy phát"
285,POD_WarnMsg,0x4BD,1213,8,CVC_I,,POD_Warning_Flag_11,22,1,Motorola,Unsigned,1,0,0,1,-,,,,Cảnh báo,Khi có sự cố trong hệ thống công suất hoặc phòng chờ,Cảnh báo từ hệ thống Park Operations/Power On Demand,Trung bình đến cao,"Kiểm tra hệ thống quản lý năng lượng, pin, máy phát"
286,POD_WarnMsg,0x4BD,1213,8,CVC_I,,POD_Warning_Flag_12,23,1,Motorola,Unsigned,1,0,0,1,-,,,,Cảnh báo,Khi có sự cố trong hệ thống công suất hoặc phòng chờ,Cảnh báo từ hệ thống Park Operations/Power On Demand,Trung bình đến cao,"Kiểm tra hệ thống quản lý năng lượng, pin, máy phát"
287,POD_WarnMsg,0x4BD,1213,8,CVC_I,,POD_Warning_Flag_13,24,1,Motorola,Unsigned,1,0,0,1,-,,,,Cảnh báo,Khi có sự cố trong hệ thống công suất hoặc phòng chờ,Cảnh báo từ hệ thống Park Operations/Power On Demand,Trung bình đến cao,"Kiểm tra hệ thống quản lý năng lượng, pin, máy phát"
288,POD_WarnMsg,0x4BD,1213,8,CVC_I,,POD_Warning_Flag_14,25,1,Motorola,Unsigned,1,0,0,1,-,,,,Cảnh báo,Khi có sự cố trong hệ thống công suất hoặc phòng chờ,Cảnh báo từ hệ thống Park Operations/Power On Demand,Trung bình đến cao,"Kiểm tra hệ thống quản lý năng lượng, pin, máy phát"
289,POD_WarnMsg,0x4BD,1213,8,CVC_I,,POD_Warning_Flag_15,26,1,Motorola,Unsigned,1,0,0,1,-,,,,Cảnh báo,Khi có sự cố trong hệ thống công suất hoặc phòng chờ,Cảnh báo từ hệ thống Park Operations/Power On Demand,Trung bình đến cao,"Kiểm tra hệ thống quản lý năng lượng, pin, máy phát"
290,POD_WarnMsg,0x4BD,1213,8,CVC_I,,POD_Warning_Flag_16,27,1,Motorola,Unsigned,1,0,0,1,-,,,,Cảnh báo,Khi có sự cố trong hệ thống công suất hoặc phòng chờ,Cảnh báo từ hệ thống Park Operations/Power On Demand,Trung bình đến cao,"Kiểm tra hệ thống quản lý năng lượng, pin, máy phát"
291,POD_WarnMsg,0x4BD,1213,8,CVC_I,,POD_Warning_Flag_17,28,1,Motorola,Unsigned,1,0,0,1,-,,,,Cảnh báo,Khi có sự cố trong hệ thống công suất hoặc phòng chờ,Cảnh báo từ hệ thống Park Operations/Power On Demand,Trung bình đến cao,"Kiểm tra hệ thống quản lý năng lượng, pin, máy phát"
292,POD_WarnMsg,0x4BD,1213,8,CVC_I,,POD_Warning_Flag_18,29,1,Motorola,Unsigned,1,0,0,1,-,,,,Cảnh báo,Khi có sự cố trong hệ thống công suất hoặc phòng chờ,Cảnh báo từ hệ thống Park Operations/Power On Demand,Trung bình đến cao,"Kiểm tra hệ thống quản lý năng lượng, pin, máy phát"
293,POD_WarnMsg,0x4BD,1213,8,CVC_I,,POD_Warning_Flag_19,30,1,Motorola,Unsigned,1,0,0,1,-,,,,Cảnh báo,Khi có sự cố trong hệ thống công suất hoặc phòng chờ,Cảnh báo từ hệ thống Park Operations/Power On Demand,Trung bình đến cao,"Kiểm tra hệ thống quản lý năng lượng, pin, máy phát"
294,POD_WarnMsg,0x4BD,1213,8,CVC_I,,POD_Warning_Flag_20,31,1,Motorola,Unsigned,1,0,0,1,-,,,,Cảnh báo,Khi có sự cố trong hệ thống công suất hoặc phòng chờ,Cảnh báo từ hệ thống Park Operations/Power On Demand,Trung bình đến cao,"Kiểm tra hệ thống quản lý năng lượng, pin, máy phát"
295,POD_WarnMsg,0x4BD,1213,8,CVC_I,,POD_Warning_Flag_21,32,1,Motorola,Unsigned,1,0,0,1,-,,,,Cảnh báo,Khi có sự cố trong hệ thống công suất hoặc phòng chờ,Cảnh báo từ hệ thống Park Operations/Power On Demand,Trung bình đến cao,"Kiểm tra hệ thống quản lý năng lượng, pin, máy phát"
296,POD_WarnMsg,0x4BD,1213,8,CVC_I,,POD_Warning_Flag_22,33,1,Motorola,Unsigned,1,0,0,1,-,,,,Cảnh báo,Khi có sự cố trong hệ thống công suất hoặc phòng chờ,Cảnh báo từ hệ thống Park Operations/Power On Demand,Trung bình đến cao,"Kiểm tra hệ thống quản lý năng lượng, pin, máy phát"
297,POD_WarnMsg,0x4BD,1213,8,CVC_I,,POD_Warning_Flag_23,34,1,Motorola,Unsigned,1,0,0,1,-,,,,Cảnh báo,Khi có sự cố trong hệ thống công suất hoặc phòng chờ,Cảnh báo từ hệ thống Park Operations/Power On Demand,Trung bình đến cao,"Kiểm tra hệ thống quản lý năng lượng, pin, máy phát"
298,POD_WarnMsg,0x4BD,1213,8,CVC_I,,POD_Warning_Flag_24,35,1,Motorola,Unsigned,1,0,0,1,-,,,,Cảnh báo,Khi có sự cố trong hệ thống công suất hoặc phòng chờ,Cảnh báo từ hệ thống Park Operations/Power On Demand,Trung bình đến cao,"Kiểm tra hệ thống quản lý năng lượng, pin, máy phát"
299,POD_WarnMsg,0x4BD,1213,8,CVC_I,,POD_Warning_Flag_25,36,1,Motorola,Unsigned,1,0,0,1,-,,,,Cảnh báo,Khi có sự cố trong hệ thống công suất hoặc phòng chờ,Cảnh báo từ hệ thống Park Operations/Power On Demand,Trung bình đến cao,"Kiểm tra hệ thống quản lý năng lượng, pin, máy phát"
300,POD_WarnMsg,0x4BD,1213,8,CVC_I,,POD_Warning_Flag_26,37,1,Motorola,Unsigned,1,0,0,1,-,,,,Cảnh báo,Khi có sự cố trong hệ thống công suất hoặc phòng chờ,Cảnh báo từ hệ thống Park Operations/Power On Demand,Trung bình đến cao,"Kiểm tra hệ thống quản lý năng lượng, pin, máy phát"
301,POD_WarnMsg,0x4BD,1213,8,CVC_I,,POD_Warning_Flag_27,38,1,Motorola,Unsigned,1,0,0,1,-,,,,Cảnh báo,Khi có sự cố trong hệ thống công suất hoặc phòng chờ,Cảnh báo từ hệ thống Park Operations/Power On Demand,Trung bình đến cao,"Kiểm tra hệ thống quản lý năng lượng, pin, máy phát"
302,POD_WarnMsg,0x4BD,1213,8,CVC_I,,POD_Warning_Flag_28,39,1,Motorola,Unsigned,1,0,0,1,-,,,,Cảnh báo,Khi có sự cố trong hệ thống công suất hoặc phòng chờ,Cảnh báo từ hệ thống Park Operations/Power On Demand,Trung bình đến cao,"Kiểm tra hệ thống quản lý năng lượng, pin, máy phát"
303,APM_FL_WarnMsg,0x4C1,1217,8,CVC_I,,APM_FL_Warning_Flag_3,14,1,Motorola,Unsigned,1,0,0,1,,,,,Cảnh báo,Khi phát hiện trạng thái cảnh báo,Cảnh báo: APM_FL_Warning_Flag_3,Trung bình,"Kiểm tra hệ thống liên quan, xem lại mã lỗi"
304,APM_FL_WarnMsg,0x4C1,1217,8,CVC_I,,APM_FL_Warning_Flag_4,15,1,Motorola,Unsigned,1,0,0,1,,,,,Cảnh báo,Khi phát hiện trạng thái cảnh báo,Cảnh báo: APM_FL_Warning_Flag_4,Trung bình,"Kiểm tra hệ thống liên quan, xem lại mã lỗi"
305,APM_FL_WarnMsg,0x4C1,1217,8,CVC_I,,APM_FL_Warning_Flag_5,16,1,Motorola,Unsigned,1,0,0,1,-,,,,Cảnh báo,Khi phát hiện trạng thái cảnh báo,Cảnh báo: APM_FL_Warning_Flag_5,Trung bình,"Kiểm tra hệ thống liên quan, xem lại mã lỗi"
306,APM_FL_WarnMsg,0x4C1,1217,8,CVC_I,,APM_FL_Warning_Flag_6,17,1,Motorola,Unsigned,1,0,0,1,,,,,Cảnh báo,Khi phát hiện trạng thái cảnh báo,Cảnh báo: APM_FL_Warning_Flag_6,Trung bình,"Kiểm tra hệ thống liên quan, xem lại mã lỗi"
307,APM_FL_WarnMsg,0x4C1,1217,8,CVC_I,,APM_FL_Warning_Flag_7,18,1,Motorola,Unsigned,1,0,0,1,-,,,,Cảnh báo,Khi phát hiện trạng thái cảnh báo,Cảnh báo: APM_FL_Warning_Flag_7,Trung bình,"Kiểm tra hệ thống liên quan, xem lại mã lỗi"
308,APM_FL_WarnMsg,0x4C1,1217,8,CVC_I,,APM_FL_Warning_Flag_8,19,1,Motorola,Unsigned,1,0,0,1,,,,,Cảnh báo,Khi phát hiện trạng thái cảnh báo,Cảnh báo: APM_FL_Warning_Flag_8,Trung bình,"Kiểm tra hệ thống liên quan, xem lại mã lỗi"
309,APM_FL_WarnMsg,0x4C1,1217,8,CVC_I,,APM_FL_Warning_Flag_9,20,1,Motorola,Unsigned,1,0,0,1,,,,,Cảnh báo,Khi phát hiện trạng thái cảnh báo,Cảnh báo: APM_FL_Warning_Flag_9,Trung bình,"Kiểm tra hệ thống liên quan, xem lại mã lỗi"
310,APM_FL_WarnMsg,0x4C1,1217,8,CVC_I,,APM_FL_Warning_Flag_10,21,1,Motorola,Unsigned,1,0,0,1,,,,,Cảnh báo,Khi phát hiện trạng thái cảnh báo,Cảnh báo: APM_FL_Warning_Flag_10,Trung bình,"Kiểm tra hệ thống liên quan, xem lại mã lỗi"
311,APM_FL_WarnMsg,0x4C1,1217,8,CVC_I,,APM_FL_Warning_Flag_11,22,1,Motorola,Unsigned,1,0,0,1,,,,,Cảnh báo,Khi phát hiện trạng thái cảnh báo,Cảnh báo: APM_FL_Warning_Flag_11,Trung bình,"Kiểm tra hệ thống liên quan, xem lại mã lỗi"
312,APM_FL_WarnMsg,0x4C1,1217,8,CVC_I,,APM_FL_Warning_Flag_12,23,1,Motorola,Unsigned,1,0,0,1,-,,,,Cảnh báo,Khi phát hiện trạng thái cảnh báo,Cảnh báo: APM_FL_Warning_Flag_12,Trung bình,"Kiểm tra hệ thống liên quan, xem lại mã lỗi"
313,APM_FR_WarnMsg,0x4C4,1220,8,CVC_I,,APM_FR_Warning_Flag_3,14,1,Motorola,Unsigned,1,0,0,1,,,,,Cảnh báo,Khi phát hiện trạng thái cảnh báo,Cảnh báo: APM_FR_Warning_Flag_3,Trung bình,"Kiểm tra hệ thống liên quan, xem lại mã lỗi"
314,APM_FR_WarnMsg,0x4C4,1220,8,CVC_I,,APM_FR_Warning_Flag_4,15,1,Motorola,Unsigned,1,0,0,1,,,,,Cảnh báo,Khi phát hiện trạng thái cảnh báo,Cảnh báo: APM_FR_Warning_Flag_4,Trung bình,"Kiểm tra hệ thống liên quan, xem lại mã lỗi"
315,APM_FR_WarnMsg,0x4C4,1220,8,CVC_I,,APM_FR_Warning_Flag_5,16,1,Motorola,Unsigned,1,0,0,1,-,,,,Cảnh báo,Khi phát hiện trạng thái cảnh báo,Cảnh báo: APM_FR_Warning_Flag_5,Trung bình,"Kiểm tra hệ thống liên quan, xem lại mã lỗi"
316,APM_FR_WarnMsg,0x4C4,1220,8,CVC_I,,APM_FR_Warning_Flag_6,17,1,Motorola,Unsigned,1,0,0,1,,,,,Cảnh báo,Khi phát hiện trạng thái cảnh báo,Cảnh báo: APM_FR_Warning_Flag_6,Trung bình,"Kiểm tra hệ thống liên quan, xem lại mã lỗi"
317,APM_FR_WarnMsg,0x4C4,1220,8,CVC_I,,APM_FR_Warning_Flag_7,18,1,Motorola,Unsigned,1,0,0,1,-,,,,Cảnh báo,Khi phát hiện trạng thái cảnh báo,Cảnh báo: APM_FR_Warning_Flag_7,Trung bình,"Kiểm tra hệ thống liên quan, xem lại mã lỗi"
318,APM_FR_WarnMsg,0x4C4,1220,8,CVC_I,,APM_FR_Warning_Flag_8,19,1,Motorola,Unsigned,1,0,0,1,,,,,Cảnh báo,Khi phát hiện trạng thái cảnh báo,Cảnh báo: APM_FR_Warning_Flag_8,Trung bình,"Kiểm tra hệ thống liên quan, xem lại mã lỗi"
319,APM_FR_WarnMsg,0x4C4,1220,8,CVC_I,,APM_FR_Warning_Flag_9,20,1,Motorola,Unsigned,1,0,0,1,,,,,Cảnh báo,Khi phát hiện trạng thái cảnh báo,Cảnh báo: APM_FR_Warning_Flag_9,Trung bình,"Kiểm tra hệ thống liên quan, xem lại mã lỗi"
320,APM_FR_WarnMsg,0x4C4,1220,8,CVC_I,,APM_FR_Warning_Flag_10,21,1,Motorola,Unsigned,1,0,0,1,,,,,Cảnh báo,Khi phát hiện trạng thái cảnh báo,Cảnh báo: APM_FR_Warning_Flag_10,Trung bình,"Kiểm tra hệ thống liên quan, xem lại mã lỗi"
321,APM_FR_WarnMsg,0x4C4,1220,8,CVC_I,,APM_FR_Warning_Flag_11,22,1,Motorola,Unsigned,1,0,0,1,,,,,Cảnh báo,Khi phát hiện trạng thái cảnh báo,Cảnh báo: APM_FR_Warning_Flag_11,Trung bình,"Kiểm tra hệ thống liên quan, xem lại mã lỗi"
322,APM_FR_WarnMsg,0x4C4,1220,8,CVC_I,,APM_FR_Warning_Flag_12,23,1,Motorola,Unsigned,1,0,0,1,-,,,,Cảnh báo,Khi phát hiện trạng thái cảnh báo,Cảnh báo: APM_FR_Warning_Flag_12,Trung bình,"Kiểm tra hệ thống liên quan, xem lại mã lỗi"